ts_code,trade_date,pre_close,open,high,low,close,change,pct_chg,vol,amount
510300.SH,20210104,5.287,5.28,5.366,5.26,5.334,0.047,0.889,5067056.39,2697192.786
510300.SH,20210105,5.334,5.321,5.445,5.305,5.433,0.099,1.856,6228307.94,3349890.567
510300.SH,20210106,5.433,5.447,5.514,5.417,5.482,0.049,0.9019,3749451.07,2048972.312
510300.SH,20210107,5.482,5.49,5.6,5.483,5.599,0.117,2.1343,4706592.27,2604546.537
510300.SH,20210108,5.599,5.608,5.631,5.519,5.571,-0.028,-0.5001,6975647.67,3884322.786
510300.SH,20210111,5.571,5.572,5.62,5.477,5.508,-0.063,-1.1309,6359651.63,3536919.284
510300.SH,20210112,5.508,5.496,5.672,5.492,5.668,0.16,2.9049,5962807.82,3327361.996
510300.SH,20210113,5.668,5.684,5.715,5.61,5.646,-0.022,-0.3881,5524343.98,3129878.571
510300.SH,20210114,5.646,5.646,5.646,5.538,5.543,-0.103,-1.8243,6960479.94,3885747.946
510300.SH,20210115,5.543,5.543,5.576,5.46,5.526,-0.017,-0.3067,7090491.77,3916989.378
510300.SH,20210118,5.454,5.451,5.547,5.415,5.513,0.059,1.0818,3967685.53,2176480.901
510300.SH,20210119,5.513,5.518,5.53,5.416,5.438,-0.075,-1.3604,4170096.72,2282323.327
510300.SH,20210120,5.438,5.436,5.495,5.43,5.468,0.03,0.5517,4223857.51,2307751.582
510300.SH,20210121,5.468,5.483,5.588,5.483,5.562,0.094,1.7191,5116203.15,2833318.057
510300.SH,20210122,5.562,5.557,5.57,5.506,5.565,0.003,0.0539,5543093.26,3074483.608
510300.SH,20210125,5.565,5.564,5.649,5.531,5.631,0.066,1.186,4501771.53,2518875.353
510300.SH,20210126,5.631,5.607,5.61,5.503,5.511,-0.12,-2.1311,3927449.95,2175771.665
510300.SH,20210127,5.511,5.505,5.532,5.45,5.521,0.01,0.1815,5915415.91,3252544.454
510300.SH,20210128,5.521,5.46,5.46,5.364,5.385,-0.136,-2.4633,4699518.45,2541914.763
510300.SH,20210129,5.385,5.407,5.423,5.282,5.348,-0.037,-0.6871,6221138.74,3343269.149
510300.SH,20210201,5.348,5.348,5.414,5.346,5.411,0.063,1.178,4362880.63,2352426.025
510300.SH,20210202,5.411,5.42,5.494,5.411,5.491,0.08,1.4785,5731569.21,3133181.944
510300.SH,20210203,5.491,5.491,5.525,5.464,5.485,-0.006,-0.1093,2819694.88,1549207.312
510300.SH,20210204,5.485,5.46,5.51,5.416,5.474,-0.011,-0.2005,3000841.5,1639395.452
510300.SH,20210205,5.474,5.486,5.547,5.476,5.482,0.008,0.1461,5600004.91,3085296.672
510300.SH,20210208,5.482,5.52,5.573,5.482,5.554,0.072,1.3134,4750134.28,2628084.266
510300.SH,20210209,5.554,5.575,5.694,5.55,5.692,0.138,2.4847,4182998.45,2349537.935
510300.SH,20210210,5.692,5.706,5.833,5.697,5.807,0.115,2.0204,3419098.57,1973984.357
510300.SH,20210218,5.807,5.923,5.933,5.748,5.764,-0.043,-0.7405,4707657.36,2747359.954
510300.SH,20210219,5.764,5.742,5.801,5.671,5.796,0.032,0.5552,7090646.5,4060011.755
510300.SH,20210222,5.796,5.785,5.786,5.584,5.589,-0.207,-3.5714,7760759.91,4399449.17
510300.SH,20210223,5.589,5.55,5.637,5.547,5.574,-0.015,-0.2684,5912503.64,3308715.193
510300.SH,20210224,5.574,5.588,5.6,5.371,5.427,-0.147,-2.6372,10112690.33,5539235.696
510300.SH,20210225,5.427,5.481,5.523,5.442,5.478,0.051,0.9397,6693054.38,3670095.572
510300.SH,20210226,5.478,5.389,5.42,5.321,5.329,-0.149,-2.72,8370703.36,4486159.733
510300.SH,20210301,5.329,5.381,5.42,5.348,5.418,0.089,1.6701,5582085.4,3007992.81
510300.SH,20210302,5.418,5.446,5.451,5.307,5.349,-0.069,-1.2735,4338597.54,2338148.827
510300.SH,20210303,5.349,5.333,5.458,5.316,5.454,0.105,1.963,3611545.93,1950248.2
510300.SH,20210304,5.454,5.4,5.4,5.258,5.287,-0.167,-3.062,6449816.48,3428246.55
510300.SH,20210305,5.287,5.202,5.311,5.179,5.266,-0.021,-0.3972,5936328.5,3111411.979
510300.SH,20210308,5.266,5.3,5.325,5.07,5.08,-0.186,-3.5321,5637220.05,2929014.217
510300.SH,20210309,5.08,5.077,5.095,4.926,4.979,-0.101,-1.9882,9317190.68,4677125.84
510300.SH,20210310,4.979,5.037,5.061,4.983,5.0,0.021,0.4218,6365357.6,3197285.817
510300.SH,20210311,5.0,5.024,5.132,5.015,5.129,0.129,2.58,6206768.84,3161968.866
510300.SH,20210312,5.129,5.145,5.152,5.08,5.142,0.013,0.2535,4482014.93,2295113.622
510300.SH,20210315,5.142,5.118,5.119,4.993,5.04,-0.102,-1.9837,3865724.05,1952657.088
510300.SH,20210316,5.04,5.042,5.086,5.012,5.073,0.033,0.6548,3232360.64,1635219.63
510300.SH,20210317,5.073,5.059,5.121,5.013,5.096,0.023,0.4534,3062945.97,1554332.781
510300.SH,20210318,5.096,5.108,5.159,5.106,5.136,0.04,0.7849,3196101.3,1639545.016
510300.SH,20210319,5.136,5.072,5.088,4.983,4.997,-0.139,-2.7064,4921956.05,2478004.771
510300.SH,20210322,4.997,4.995,5.072,4.99,5.054,0.057,1.1407,4234867.62,2132916.087
510300.SH,20210323,5.054,5.049,5.058,4.967,5.009,-0.045,-0.8904,4916387.73,2459560.323
510300.SH,20210324,5.009,4.988,5.03,4.912,4.933,-0.076,-1.5173,7550528.62,3741109.719
510300.SH,20210325,4.933,4.906,4.951,4.888,4.929,-0.004,-0.0811,2849086.49,1402397.542
510300.SH,20210326,4.929,4.95,5.056,4.946,5.033,0.104,2.11,5565349.5,2790146.481
510300.SH,20210329,5.033,5.045,5.08,5.005,5.043,0.01,0.1987,6392567.72,3229920.086
510300.SH,20210330,5.043,5.04,5.104,5.03,5.087,0.044,0.8725,2682838.9,1361536.031
510300.SH,20210331,5.087,5.083,5.084,5.013,5.05,-0.037,-0.7273,2308126.76,1163103.563
510300.SH,20210401,5.05,5.056,5.12,5.052,5.112,0.062,1.2277,3229964.35,1641836.115
510300.SH,20210402,5.112,5.13,5.166,5.109,5.161,0.049,0.9585,2803346.45,1440678.165
510300.SH,20210406,5.161,5.173,5.177,5.12,5.133,-0.028,-0.5425,2346355.44,1206265.186
510300.SH,20210407,5.133,5.138,5.14,5.067,5.098,-0.035,-0.6819,1752172.73,891976.442
510300.SH,20210408,5.098,5.081,5.13,5.057,5.109,0.011,0.2158,1407559.21,718026.031
510300.SH,20210409,5.109,5.095,5.095,5.025,5.038,-0.071,-1.3897,2223298.0,1122455.291
510300.SH,20210412,5.038,5.026,5.049,4.937,4.954,-0.084,-1.6673,6639382.34,3300299.232
510300.SH,20210413,4.954,4.946,4.994,4.929,4.947,-0.007,-0.1413,4535452.45,2247446.204
510300.SH,20210414,4.947,4.952,4.989,4.943,4.975,0.028,0.566,5271842.0,2620909.273
510300.SH,20210415,4.975,4.96,4.965,4.894,4.947,-0.028,-0.5628,4935407.0,2431754.041
510300.SH,20210416,4.947,4.959,4.975,4.918,4.963,0.016,0.3234,4998940.3,2476638.366
510300.SH,20210419,4.963,4.959,5.097,4.936,5.089,0.126,2.5388,5673692.26,2864077.168
510300.SH,20210420,5.089,5.071,5.116,5.062,5.081,-0.008,-0.1572,3698515.57,1882537.197
510300.SH,20210421,5.081,5.049,5.108,5.047,5.093,0.012,0.2362,4143213.61,2104768.796
510300.SH,20210422,5.093,5.101,5.118,5.065,5.089,-0.004,-0.0785,4483991.6,2279984.129
510300.SH,20210423,5.089,5.081,5.15,5.081,5.14,0.051,1.0022,3229926.3,1656258.287
510300.SH,20210426,5.14,5.151,5.191,5.071,5.076,-0.064,-1.2451,5380616.34,2762169.537
510300.SH,20210427,5.076,5.08,5.098,5.053,5.089,0.013,0.2561,3177926.09,1612968.576
510300.SH,20210428,5.089,5.071,5.13,5.056,5.127,0.038,0.7467,3012459.72,1535175.286
510300.SH,20210429,5.127,5.128,5.18,5.12,5.173,0.046,0.8972,3809844.8,1964024.088
510300.SH,20210430,5.173,5.161,5.172,5.094,5.128,-0.045,-0.8699,4042413.0,2075946.585
510300.SH,20210506,5.128,5.109,5.142,5.035,5.061,-0.067,-1.3066,4075745.66,2073197.356
510300.SH,20210507,5.061,5.073,5.097,4.996,5.0,-0.061,-1.2053,3382892.45,1705351.377
510300.SH,20210510,5.0,5.004,5.025,4.955,4.999,-0.001,-0.02,3691991.48,1843018.242
510300.SH,20210511,4.999,4.967,5.044,4.932,5.025,0.026,0.5201,3979265.3,1985720.798
510300.SH,20210512,5.025,5.014,5.063,4.996,5.056,0.031,0.6169,2539712.32,1277881.517
510300.SH,20210513,5.056,5.016,5.027,4.976,5.001,-0.055,-1.0878,4725439.35,2363024.82
510300.SH,20210514,5.001,5.02,5.129,4.992,5.127,0.126,2.5195,8489630.43,4316323.603
510300.SH,20210517,5.127,5.123,5.215,5.117,5.188,0.061,1.1898,6672555.21,3464215.782
510300.SH,20210518,5.188,5.199,5.212,5.167,5.19,0.002,0.0386,2834588.26,1469848.173
510300.SH,20210519,5.19,5.18,5.196,5.153,5.176,-0.014,-0.2697,3933594.67,2034732.842
510300.SH,20210520,5.176,5.172,5.206,5.152,5.19,0.014,0.2705,2701391.03,1400149.094
510300.SH,20210521,5.19,5.197,5.227,5.123,5.135,-0.055,-1.0597,5410635.11,2791300.042
510300.SH,20210524,5.135,5.135,5.164,5.096,5.163,0.028,0.5453,3496127.89,1796637.071
510300.SH,20210525,5.163,5.163,5.338,5.163,5.327,0.164,3.1764,15361601.49,8133780.76
510300.SH,20210526,5.327,5.331,5.353,5.316,5.328,0.001,0.0188,4868611.22,2596720.927
510300.SH,20210527,5.328,5.32,5.394,5.296,5.347,0.019,0.3566,5307535.0,2835202.994
510300.SH,20210528,5.347,5.346,5.373,5.3,5.332,-0.015,-0.2805,3456218.58,1843452.031
510300.SH,20210531,5.332,5.329,5.339,5.29,5.338,0.006,0.1125,3286030.31,1745986.74
510300.SH,20210601,5.338,5.333,5.35,5.271,5.346,0.008,0.1499,4544228.25,2415673.323
510300.SH,20210602,5.346,5.351,5.357,5.276,5.303,-0.043,-0.8043,5776070.87,3069526.94
510300.SH,20210603,5.303,5.3,5.323,5.26,5.262,-0.041,-0.7731,4432763.99,2344157.011
510300.SH,20210604,5.262,5.25,5.352,5.233,5.295,0.033,0.6271,5581177.57,2951205.182
510300.SH,20210607,5.295,5.295,5.298,5.251,5.289,-0.006,-0.1133,2652774.3,1399803.061
510300.SH,20210608,5.289,5.289,5.34,5.213,5.247,-0.042,-0.7941,4542037.06,2392039.783
510300.SH,20210609,5.247,5.233,5.266,5.231,5.255,0.008,0.1525,2595131.56,1362104.027
510300.SH,20210610,5.255,5.249,5.324,5.248,5.289,0.034,0.647,4041125.79,2139819.984
510300.SH,20210611,5.289,5.293,5.307,5.236,5.24,-0.049,-0.9265,3375558.0,1774141.747
510300.SH,20210615,5.24,5.24,5.25,5.154,5.181,-0.059,-1.126,4312365.97,2237735.909
510300.SH,20210616,5.181,5.175,5.183,5.094,5.11,-0.071,-1.3704,5573016.99,2861614.501
510300.SH,20210617,5.11,5.1,5.144,5.097,5.121,0.011,0.2153,3422104.55,1752532.813
510300.SH,20210618,5.121,5.12,5.155,5.089,5.126,0.005,0.0976,5237656.6,2681620.828
510300.SH,20210621,5.126,5.108,5.155,5.087,5.119,-0.007,-0.1366,4492630.5,2297972.209
510300.SH,20210622,5.119,5.14,5.151,5.111,5.145,0.026,0.5079,6783141.91,3481237.67
510300.SH,20210623,5.145,5.152,5.203,5.136,5.176,0.031,0.6025,5864652.23,3034353.444
510300.SH,20210624,5.176,5.18,5.19,5.155,5.189,0.013,0.2512,2175097.08,1125515.428
510300.SH,20210625,5.189,5.193,5.289,5.191,5.27,0.081,1.561,6192586.62,3253306.021
510300.SH,20210628,5.27,5.278,5.29,5.257,5.279,0.009,0.1708,4454964.81,2349760.661
510300.SH,20210629,5.279,5.279,5.279,5.215,5.225,-0.054,-1.0229,2901856.47,1520211.071
510300.SH,20210630,5.225,5.226,5.267,5.225,5.256,0.031,0.5933,3711709.76,1948238.474
510300.SH,20210701,5.256,5.273,5.284,5.222,5.254,-0.002,-0.0381,5643738.63,2964560.981
510300.SH,20210702,5.254,5.22,5.222,5.111,5.113,-0.141,-2.6837,4422359.89,2278045.477
510300.SH,20210705,5.113,5.113,5.132,5.09,5.12,0.007,0.1369,2575703.13,1316062.245
510300.SH,20210706,5.12,5.12,5.13,5.071,5.127,0.007,0.1367,3816887.34,1946038.944
510300.SH,20210707,5.127,5.105,5.202,5.097,5.18,0.053,1.0337,3494651.34,1802156.519
510300.SH,20210708,5.18,5.189,5.196,5.121,5.136,-0.044,-0.8494,3280350.47,1689688.924
510300.SH,20210709,5.136,5.12,5.128,5.056,5.112,-0.024,-0.4673,4262319.21,2174685.021
510300.SH,20210712,5.112,5.15,5.209,5.122,5.18,0.068,1.3302,5966928.94,3088418.555
510300.SH,20210713,5.18,5.179,5.214,5.168,5.196,0.016,0.3089,3464403.64,1798359.498
510300.SH,20210714,5.196,5.191,5.191,5.128,5.139,-0.057,-1.097,3824693.18,1970051.836
510300.SH,20210715,5.139,5.131,5.214,5.124,5.207,0.068,1.3232,3552866.95,1839020.775
510300.SH,20210716,5.207,5.2,5.205,5.152,5.156,-0.051,-0.9795,3702351.45,1916254.592
510300.SH,20210719,5.156,5.147,5.188,5.106,5.178,0.022,0.4267,3320461.58,1709347.745
510300.SH,20210720,5.178,5.14,5.179,5.131,5.165,-0.013,-0.2511,3066793.27,1581145.2
510300.SH,20210721,5.165,5.18,5.225,5.172,5.204,0.039,0.7551,5784302.57,3011038.37
510300.SH,20210722,5.204,5.205,5.233,5.198,5.209,0.005,0.0961,2696840.73,1405906.247
510300.SH,20210723,5.209,5.21,5.211,5.145,5.157,-0.052,-0.9983,2681441.35,1384583.057
510300.SH,20210726,5.157,5.137,5.138,4.923,4.982,-0.175,-3.3934,9152733.74,4590557.872
510300.SH,20210727,4.982,4.979,5.0,4.803,4.809,-0.173,-3.4725,8072052.16,3972490.92
510300.SH,20210728,4.809,4.803,4.843,4.735,4.819,0.01,0.2079,9133473.42,4378815.46
510300.SH,20210729,4.819,4.899,4.917,4.858,4.906,0.087,1.8054,6402063.55,3130337.228
510300.SH,20210730,4.906,4.883,4.884,4.821,4.872,-0.034,-0.693,2258702.35,1097220.227
510300.SH,20210802,4.872,4.856,5.004,4.824,4.993,0.121,2.4836,3752039.41,1853444.876
510300.SH,20210803,4.993,4.971,5.019,4.955,4.995,0.002,0.0401,2330097.64,1161609.447
510300.SH,20210804,4.995,4.984,5.04,4.982,5.039,0.044,0.8809,2486452.87,1248682.987
510300.SH,20210805,5.039,5.004,5.058,4.981,5.009,-0.03,-0.5954,2098716.49,1053873.944
510300.SH,20210806,5.009,5.0,5.005,4.962,4.993,-0.016,-0.3194,1126992.04,561475.942
510300.SH,20210809,4.993,4.97,5.067,4.952,5.048,0.055,1.1015,2290906.28,1151898.657
510300.SH,20210810,5.048,5.036,5.108,5.002,5.105,0.057,1.1292,3241223.81,1635519.3
510300.SH,20210811,5.105,5.098,5.124,5.075,5.078,-0.027,-0.5289,2391296.0,1219614.186
510300.SH,20210812,5.078,5.06,5.081,5.036,5.046,-0.032,-0.6302,1339716.95,677135.203
510300.SH,20210813,5.046,5.033,5.066,4.99,5.019,-0.027,-0.5351,2025664.01,1017354.166
510300.SH,20210816,5.019,5.013,5.044,5.001,5.016,-0.003,-0.0598,1862036.29,934436.575
510300.SH,20210817,5.016,5.01,5.042,4.895,4.904,-0.112,-2.2329,3523008.96,1751144.106
510300.SH,20210818,4.904,4.904,4.986,4.892,4.957,0.053,1.0808,3847710.32,1901295.854
510300.SH,20210819,4.957,4.94,4.957,4.901,4.923,-0.034,-0.6859,2403110.0,1185219.027
510300.SH,20210820,4.923,4.912,4.913,4.788,4.833,-0.09,-1.8282,4184413.4,2023086.385
510300.SH,20210823,4.833,4.843,4.911,4.84,4.905,0.072,1.4898,3529612.61,1724629.446
510300.SH,20210824,4.905,4.91,4.978,4.91,4.957,0.052,1.0601,3177054.13,1571638.429
510300.SH,20210825,4.957,4.965,4.973,4.938,4.971,0.014,0.2824,2076564.06,1029752.682
510300.SH,20210826,4.971,4.968,4.969,4.87,4.886,-0.085,-1.7099,1948402.59,956302.469
510300.SH,20210827,4.886,4.879,4.944,4.876,4.899,0.013,0.2661,2322364.14,1140911.545
510300.SH,20210830,4.899,4.911,4.922,4.859,4.881,-0.018,-0.3674,2155322.11,1052155.091
510300.SH,20210831,4.881,4.882,4.897,4.81,4.879,-0.002,-0.041,2450326.07,1190430.817
510300.SH,20210901,4.879,4.88,4.988,4.84,4.949,0.07,1.4347,3865182.69,1903964.598
510300.SH,20210902,4.949,4.96,4.968,4.92,4.945,-0.004,-0.0808,2240048.34,1107121.906
510300.SH,20210903,4.945,4.945,4.969,4.909,4.918,-0.027,-0.546,3483672.64,1718509.769
510300.SH,20210906,4.918,4.918,5.016,4.914,5.002,0.084,1.708,4945358.66,2468976.363
510300.SH,20210907,5.002,5.0,5.089,4.986,5.065,0.063,1.2595,4574956.03,2304933.623
510300.SH,20210908,5.065,5.069,5.093,5.028,5.044,-0.021,-0.4146,2369430.77,1198609.525
510300.SH,20210909,5.044,5.031,5.043,5.002,5.042,-0.002,-0.0397,1825451.89,917262.214
510300.SH,20210910,5.042,5.037,5.127,5.034,5.091,0.049,0.9718,3893349.75,1982110.598
510300.SH,20210913,5.091,5.085,5.109,5.035,5.064,-0.027,-0.5303,3200157.33,1620670.961
510300.SH,20210914,5.064,5.065,5.082,4.977,4.998,-0.066,-1.3033,3277119.94,1645687.915
510300.SH,20210915,4.998,4.99,4.991,4.917,4.945,-0.053,-1.0604,2707358.74,1340902.838
510300.SH,20210916,4.945,4.945,4.955,4.881,4.889,-0.056,-1.1325,4293484.25,2106848.912
510300.SH,20210917,4.889,4.888,4.934,4.868,4.928,0.039,0.7977,5139926.94,2520613.348
510300.SH,20210922,4.928,4.86,4.912,4.852,4.895,-0.033,-0.6696,4916296.0,2399574.657
510300.SH,20210923,4.895,4.917,4.955,4.906,4.924,0.029,0.5924,2869732.55,1413518.503
510300.SH,20210924,4.924,4.928,4.975,4.918,4.931,0.007,0.1422,4647711.9,2299464.435
510300.SH,20210927,4.931,4.945,4.998,4.921,4.963,0.032,0.649,3598935.78,1786172.115
510300.SH,20210928,4.963,4.955,4.98,4.926,4.954,-0.009,-0.1813,2636352.57,1306079.041
510300.SH,20210929,4.954,4.922,4.949,4.878,4.921,-0.033,-0.6661,5922610.73,2909490.209
510300.SH,20210930,4.921,4.923,4.953,4.921,4.935,0.014,0.2845,3129596.71,1544835.059
510300.SH,20211008,4.935,4.978,5.015,4.971,5.006,0.071,1.4387,2446241.2,1222701.431
510300.SH,20211011,5.006,5.014,5.06,5.001,5.005,-0.001,-0.02,2603223.71,1309512.481
510300.SH,20211012,5.005,4.987,4.998,4.913,4.953,-0.052,-1.039,3306068.24,1639579.407
510300.SH,20211013,4.953,4.945,5.025,4.943,5.009,0.056,1.1306,2535736.66,1264333.991
510300.SH,20211014,5.009,5.003,5.028,4.971,4.982,-0.027,-0.539,1998086.58,998317.197
510300.SH,20211015,4.982,4.979,5.017,4.96,5.006,0.024,0.4817,2179700.95,1089703.6
510300.SH,20211018,5.006,5.003,5.004,4.916,4.948,-0.058,-1.1586,2512604.74,1241208.468
510300.SH,20211019,4.948,4.94,5.0,4.937,4.995,0.047,0.9499,2884697.96,1436191.679
510300.SH,20211020,4.995,5.0,5.022,4.971,4.981,-0.014,-0.2803,1566963.0,782001.177
510300.SH,20211021,4.981,4.98,5.027,4.962,5.003,0.022,0.4417,2240855.16,1119219.633
510300.SH,20211022,5.003,5.01,5.072,5.01,5.036,0.033,0.6596,3345973.4,1686635.695
510300.SH,20211025,5.036,5.022,5.061,5.011,5.053,0.017,0.3376,2653745.04,1336929.143
510300.SH,20211026,5.053,5.055,5.088,5.023,5.036,-0.017,-0.3364,2479095.32,1251852.282
510300.SH,20211027,5.036,5.024,5.024,4.958,4.97,-0.066,-1.3106,2781043.0,1385676.615
510300.SH,20211028,4.97,4.96,4.977,4.926,4.949,-0.021,-0.4225,4413412.0,2185194.5
510300.SH,20211029,4.949,4.946,4.982,4.934,4.981,0.032,0.6466,4264846.99,2114092.671
510300.SH,20211101,4.981,4.957,4.988,4.939,4.965,-0.016,-0.3212,1950023.45,967955.364
510300.SH,20211102,4.965,4.962,4.995,4.874,4.913,-0.052,-1.0473,4294135.13,2119278.887
510300.SH,20211103,4.913,4.91,4.936,4.879,4.893,-0.02,-0.4071,3406351.07,1671068.454
510300.SH,20211104,4.893,4.913,4.951,4.912,4.94,0.047,0.9606,2844233.0,1403738.125
510300.SH,20211105,4.94,4.93,4.967,4.922,4.923,-0.017,-0.3441,2656007.9,1312374.545
510300.SH,20211108,4.923,4.92,4.948,4.902,4.919,-0.004,-0.0813,3124852.0,1539084.826
510300.SH,20211109,4.919,4.935,4.952,4.892,4.917,-0.002,-0.0407,2628400.0,1292760.723
510300.SH,20211110,4.917,4.913,4.913,4.826,4.892,-0.025,-0.5084,4894263.83,2379856.064
510300.SH,20211111,4.892,4.882,4.975,4.88,4.972,0.08,1.6353,3523649.95,1740182.227
510300.SH,20211112,4.972,4.976,4.991,4.954,4.97,-0.002,-0.0402,2729067.04,1355972.393
510300.SH,20211115,4.97,4.974,4.991,4.943,4.964,-0.006,-0.1207,3359153.81,1667408.825
510300.SH,20211116,4.964,4.966,4.996,4.95,4.96,-0.004,-0.0806,3518703.07,1750476.662
510300.SH,20211117,4.96,4.953,4.974,4.941,4.959,-0.001,-0.0202,2269817.57,1125215.664
510300.SH,20211118,4.959,4.947,4.952,4.902,4.915,-0.044,-0.8873,3606012.0,1774308.236
510300.SH,20211119,4.915,4.91,4.976,4.905,4.97,0.055,1.119,2759205.89,1365616.714
510300.SH,20211122,4.97,4.974,4.995,4.967,4.983,0.013,0.2616,3536474.89,1761554.915
510300.SH,20211123,4.983,4.976,5.0,4.966,4.986,0.003,0.0602,3172672.46,1582334.509
510300.SH,20211124,4.986,4.986,5.016,4.974,4.997,0.011,0.2206,1785947.06,891904.463
510300.SH,20211125,4.997,4.998,4.999,4.97,4.978,-0.019,-0.3802,1372599.7,683495.479
510300.SH,20211126,4.978,4.965,4.966,4.927,4.936,-0.042,-0.8437,2046378.0,1011650.37
510300.SH,20211129,4.936,4.9,4.938,4.9,4.929,-0.007,-0.1418,2338560.0,1151391.533
510300.SH,20211130,4.929,4.932,4.949,4.888,4.911,-0.018,-0.3652,1836800.0,903625.434
510300.SH,20211201,4.911,4.911,4.929,4.907,4.924,0.013,0.2647,2116261.58,1040600.306
510300.SH,20211202,4.924,4.92,4.945,4.903,4.934,0.01,0.2031,1610351.47,794007.121
510300.SH,20211203,4.934,4.934,4.98,4.926,4.979,0.045,0.912,2196321.43,1087954.879
510300.SH,20211206,4.979,4.982,5.016,4.969,4.974,-0.005,-0.1004,3328991.17,1663482.019
510300.SH,20211207,4.974,4.995,5.009,4.978,5.002,0.028,0.5629,2124267.58,1060624.162
510300.SH,20211208,5.002,5.007,5.079,4.989,5.074,0.072,1.4394,3411917.1,1721655.416
510300.SH,20211209,5.074,5.078,5.204,5.076,5.158,0.084,1.6555,6332211.75,3267970.66
510300.SH,20211210,5.158,5.143,5.15,5.123,5.143,-0.015,-0.2908,3961260.46,2035800.619
510300.SH,20211213,5.143,5.167,5.227,5.149,5.156,0.013,0.2528,4290337.71,2227870.765
510300.SH,20211214,5.156,5.137,5.155,5.115,5.125,-0.031,-0.6012,3626877.81,1860581.41
510300.SH,20211215,5.125,5.12,5.136,5.075,5.079,-0.046,-0.8976,2035831.99,1038757.245
510300.SH,20211216,5.079,5.082,5.107,5.065,5.106,0.027,0.5316,3773043.28,1919332.421
510300.SH,20211217,5.106,5.098,5.101,5.031,5.033,-0.073,-1.4297,6226189.0,3145885.077
510300.SH,20211220,5.033,5.019,5.05,4.947,4.958,-0.075,-1.4902,8518253.0,4250322.969
510300.SH,20211221,4.958,4.953,4.992,4.949,4.979,0.021,0.4236,5171335.15,2572582.597
510300.SH,20211222,4.979,4.992,5.004,4.97,4.982,0.003,0.0603,6660461.88,3320651.9
510300.SH,20211223,4.982,4.993,5.026,4.978,5.02,0.038,0.7627,3023052.6,1512949.495
510300.SH,20211224,5.02,5.026,5.032,4.978,4.997,-0.023,-0.4582,2603961.01,1301806.385
510300.SH,20211227,4.997,4.997,5.018,4.97,5.001,0.004,0.08,5044913.26,2520394.801
510300.SH,20211228,5.001,5.001,5.037,4.992,5.027,0.026,0.5199,6399141.74,3209575.435
510300.SH,20211229,5.027,5.025,5.031,4.959,4.96,-0.067,-1.3328,4038655.56,2011288.44
510300.SH,20211230,4.96,4.96,5.017,4.955,4.996,0.036,0.7258,4744980.19,2369943.644
510300.SH,20211231,4.996,5.01,5.029,4.994,5.008,0.012,0.2402,3514165.95,1760912.797
510300.SH,20220104,5.008,5.025,5.027,4.942,4.99,-0.018,-0.3594,4863552.76,2417587.49
510300.SH,20220105,4.99,4.979,4.992,4.925,4.943,-0.047,-0.9419,4640731.06,2300116.66
510300.SH,20220106,4.943,4.923,4.933,4.857,4.887,-0.056,-1.1329,5172728.0,2530768.429
510300.SH,20220107,4.887,4.9,4.93,4.893,4.899,0.012,0.2455,4785197.0,2349400.429
510300.SH,20220110,4.899,4.888,4.923,4.859,4.912,0.013,0.2654,4911223.07,2406258.642
510300.SH,20220111,4.912,4.912,4.924,4.864,4.867,-0.045,-0.9161,4122188.98,2014962.361
510300.SH,20220112,4.867,4.884,4.933,4.884,4.919,0.052,1.0684,5113325.82,2511098.388
510300.SH,20220113,4.919,4.93,4.932,4.836,4.838,-0.081,-1.6467,4882722.97,2379000.209
510300.SH,20220114,4.838,4.825,4.84,4.791,4.794,-0.044,-0.9095,4100290.0,1972987.305
510300.SH,20220117,4.794,4.798,4.851,4.797,4.835,0.041,0.8552,4983490.57,2407274.463
510300.SH,20220118,4.835,4.832,4.897,4.815,4.881,0.046,0.9514,6241670.62,3038466.592
510300.SH,20220119,4.806,4.815,4.839,4.756,4.78,-0.026,-0.541,5224392.6,2501399.275
510300.SH,20220120,4.78,4.775,4.847,4.774,4.818,0.038,0.795,5412784.88,2608626.685
510300.SH,20220121,4.818,4.81,4.815,4.764,4.784,-0.034,-0.7057,7814369.8,3739337.873
510300.SH,20220124,4.784,4.76,4.799,4.748,4.786,0.002,0.0418,4605740.13,2197609.279
510300.SH,20220125,4.786,4.762,4.777,4.676,4.68,-0.106,-2.2148,5952708.65,2814468.229
510300.SH,20220126,4.68,4.695,4.711,4.65,4.706,0.026,0.5556,5218421.0,2449571.754
510300.SH,20220127,4.706,4.693,4.699,4.616,4.625,-0.081,-1.7212,6076216.74,2827030.197
510300.SH,20220128,4.625,4.637,4.659,4.55,4.554,-0.071,-1.5351,8583917.02,3950302.957
510300.SH,20220207,4.554,4.625,4.663,4.606,4.626,0.072,1.581,4845867.6,2243165.816
510300.SH,20220208,4.626,4.626,4.626,4.515,4.604,-0.022,-0.4756,4481413.06,2050015.387
510300.SH,20220209,4.604,4.606,4.653,4.59,4.643,0.039,0.8471,4589380.95,2124086.971
510300.SH,20220210,4.643,4.65,4.653,4.606,4.632,-0.011,-0.2369,4953830.95,2291737.788
510300.SH,20220211,4.632,4.614,4.658,4.593,4.596,-0.036,-0.7772,4617436.08,2134586.5
510300.SH,20220214,4.596,4.58,4.594,4.526,4.547,-0.049,-1.0661,3299679.08,1503834.184
510300.SH,20220215,4.547,4.548,4.593,4.546,4.589,0.042,0.9237,6043144.4,2765515.057
510300.SH,20220216,4.589,4.61,4.634,4.598,4.61,0.021,0.4576,4498005.48,2076275.356
510300.SH,20220217,4.61,4.605,4.644,4.599,4.62,0.01,0.2169,6290406.92,2909007.334
510300.SH,20220218,4.62,4.6,4.645,4.595,4.644,0.024,0.5195,3041052.15,1405440.367
510300.SH,20220221,4.644,4.636,4.637,4.605,4.627,-0.017,-0.3661,3241950.53,1497429.121
510300.SH,20220222,4.627,4.59,4.597,4.549,4.567,-0.06,-1.2967,3153167.69,1438664.973
510300.SH,20220223,4.567,4.58,4.618,4.571,4.615,0.048,1.051,4469039.32,2054646.295
510300.SH,20220224,4.615,4.59,4.602,4.489,4.53,-0.085,-1.8418,5912365.42,2683234.005
510300.SH,20220225,4.53,4.553,4.611,4.553,4.565,0.035,0.7726,3844660.69,1760979.832
510300.SH,20220228,4.565,4.562,4.573,4.522,4.571,0.006,0.1314,2693170.76,1225032.615
510300.SH,20220301,4.571,4.588,4.617,4.573,4.609,0.038,0.8313,3261629.03,1499507.431
510300.SH,20220302,4.609,4.589,4.59,4.552,4.574,-0.035,-0.7594,1946012.92,889476.591
510300.SH,20220303,4.574,4.59,4.6,4.535,4.545,-0.029,-0.634,2006899.2,914647.557
510300.SH,20220304,4.545,4.505,4.534,4.48,4.494,-0.051,-1.1221,4053766.26,1823719.304
510300.SH,20220307,4.494,4.459,4.459,4.328,4.346,-0.148,-3.2933,5831129.9,2553534.379
510300.SH,20220308,4.346,4.347,4.371,4.248,4.264,-0.082,-1.8868,6917080.74,2976687.582
510300.SH,20220309,4.264,4.272,4.294,4.07,4.224,-0.04,-0.9381,7867488.12,3301655.736
510300.SH,20220310,4.224,4.3,4.326,4.282,4.284,0.06,1.4205,5528465.28,2377355.398
510300.SH,20220311,4.284,4.228,4.318,4.175,4.312,0.028,0.6536,3973422.08,1687296.407
510300.SH,20220314,4.312,4.25,4.274,4.171,4.172,-0.14,-3.2468,4331004.28,1828943.108
510300.SH,20220315,4.172,4.135,4.164,3.968,3.973,-0.199,-4.7699,10444778.02,4244938.233
510300.SH,20220316,3.973,4.035,4.17,3.942,4.146,0.173,4.3544,13251385.41,5383854.367
510300.SH,20220317,4.146,4.223,4.294,4.205,4.23,0.084,2.026,11475616.26,4866876.953
510300.SH,20220318,4.23,4.21,4.276,4.189,4.258,0.028,0.6619,4030217.32,1703858.645
510300.SH,20220321,4.258,4.263,4.28,4.212,4.252,-0.006,-0.1409,3720163.91,1581985.311
510300.SH,20220322,4.252,4.232,4.282,4.231,4.248,-0.004,-0.0941,2504224.76,1064168.279
510300.SH,20220323,4.248,4.258,4.286,4.24,4.273,0.025,0.5885,3082446.71,1314097.169
510300.SH,20220324,4.273,4.25,4.27,4.213,4.246,-0.027,-0.6319,2206417.62,935511.944
510300.SH,20220325,4.246,4.245,4.254,4.167,4.169,-0.077,-1.8135,3568083.07,1499894.627
510300.SH,20220328,4.169,4.134,4.174,4.083,4.144,-0.025,-0.5997,4155938.46,1715993.645
510300.SH,20220329,4.144,4.155,4.173,4.119,4.126,-0.018,-0.4344,2310331.17,957679.748
510300.SH,20220330,4.126,4.154,4.252,4.154,4.249,0.123,2.9811,5002575.3,2107747.773
510300.SH,20220331,4.249,4.239,4.244,4.21,4.218,-0.031,-0.7296,4242789.96,1791950.308
510300.SH,20220401,4.218,4.187,4.289,4.185,4.269,0.051,1.2091,3752472.41,1594296.08
510300.SH,20220406,4.269,4.243,4.269,4.228,4.257,-0.012,-0.2811,3398937.7,1443714.218
510300.SH,20220407,4.257,4.237,4.268,4.202,4.205,-0.052,-1.2215,2783983.51,1177384.174
510300.SH,20220408,4.205,4.208,4.236,4.175,4.233,0.028,0.6659,3202712.97,1349449.555
510300.SH,20220411,4.233,4.205,4.206,4.088,4.101,-0.132,-3.1184,5800584.97,2391596.005
510300.SH,20220412,4.101,4.103,4.176,4.076,4.171,0.07,1.7069,8064759.0,3334403.949
510300.SH,20220413,4.171,4.151,4.187,4.135,4.139,-0.032,-0.7672,3872602.08,1609161.765
510300.SH,20220414,4.139,4.176,4.212,4.153,4.183,0.044,1.0631,5736892.43,2400662.554
510300.SH,20220415,4.183,4.16,4.206,4.15,4.181,-0.002,-0.0478,5322379.66,2224422.362
510300.SH,20220418,4.181,4.145,4.164,4.117,4.161,-0.02,-0.4784,2797092.72,1159501.389
510300.SH,20220419,4.161,4.16,4.186,4.11,4.134,-0.027,-0.6489,3139962.4,1301465.627
510300.SH,20220420,4.134,4.132,4.138,4.058,4.064,-0.07,-1.6933,3903434.38,1596762.869
510300.SH,20220421,4.064,4.052,4.081,3.975,3.996,-0.068,-1.6732,7925084.56,3193817.666
510300.SH,20220422,3.996,3.965,4.037,3.952,4.006,0.01,0.2503,6173783.97,2469379.279
510300.SH,20220425,4.006,3.945,3.959,3.807,3.813,-0.193,-4.8178,16542843.44,6447291.622
510300.SH,20220426,3.813,3.816,3.873,3.774,3.783,-0.03,-0.7868,15437597.38,5888627.373
510300.SH,20220427,3.783,3.771,3.891,3.76,3.889,0.106,2.802,13725838.56,5260465.092
510300.SH,20220428,3.889,3.872,3.935,3.869,3.915,0.026,0.6686,10729261.29,4183266.934
510300.SH,20220429,3.915,3.929,4.019,3.893,4.015,0.1,2.5543,7631211.89,3024738.24
510300.SH,20220505,4.015,3.98,4.031,3.97,4.0,-0.015,-0.3736,7360953.93,2950065.279
510300.SH,20220506,4.0,3.925,3.943,3.9,3.903,-0.097,-2.425,5206697.18,2042557.049
510300.SH,20220509,3.903,3.878,3.906,3.85,3.871,-0.032,-0.8199,3187006.33,1234844.482
510300.SH,20220510,3.871,3.833,3.933,3.808,3.916,0.045,1.1625,5474671.62,2129935.211
510300.SH,20220511,3.916,3.909,4.026,3.909,3.971,0.055,1.4045,6290115.61,2502148.839
510300.SH,20220512,3.971,3.955,3.979,3.933,3.951,-0.02,-0.5037,3071057.83,1215316.563
510300.SH,20220513,3.951,3.988,3.999,3.952,3.982,0.031,0.7846,2799732.47,1113468.054
510300.SH,20220516,3.982,4.0,4.014,3.94,3.951,-0.031,-0.7785,4425843.42,1755248.937
510300.SH,20220517,3.951,3.96,4.001,3.949,4.0,0.049,1.2402,3008495.64,1197703.803
510300.SH,20220518,4.0,4.007,4.017,3.96,3.986,-0.014,-0.35,2640173.24,1052734.331
510300.SH,20220519,3.986,3.947,3.997,3.936,3.995,0.009,0.2258,3249620.36,1289180.789
510300.SH,20220520,3.995,4.02,4.08,4.01,4.079,0.084,2.1026,6004614.24,2434115.747
510300.SH,20220523,4.079,4.079,4.079,4.021,4.047,-0.032,-0.7845,5120912.73,2070370.273
510300.SH,20220524,4.047,4.046,4.049,3.96,3.965,-0.082,-2.0262,4156645.0,1664349.497
510300.SH,20220525,3.965,3.96,3.984,3.948,3.982,0.017,0.4288,4576840.97,1814584.625
510300.SH,20220526,3.982,3.983,4.02,3.932,3.992,0.01,0.2511,4816140.68,1914318.71
510300.SH,20220527,3.992,4.022,4.057,3.985,4.002,0.01,0.2505,5532972.11,2228537.581
510300.SH,20220530,4.002,4.02,4.043,4.007,4.025,0.023,0.5747,4505319.2,1813277.775
510300.SH,20220531,4.025,4.025,4.103,4.016,4.089,0.064,1.5901,4522581.18,1836840.908
510300.SH,20220601,4.089,4.089,4.096,4.06,4.083,-0.006,-0.1467,3774345.08,1540652.77
510300.SH,20220602,4.083,4.066,4.098,4.058,4.094,0.011,0.2694,2901326.08,1183803.267
510300.SH,20220606,4.094,4.092,4.177,4.065,4.176,0.082,2.0029,4238359.04,1751273.369
510300.SH,20220607,4.176,4.161,4.202,4.155,4.182,0.006,0.1437,3808641.88,1592929.72
510300.SH,20220608,4.182,4.185,4.23,4.165,4.224,0.042,1.0043,4272910.52,1796493.323
510300.SH,20220609,4.224,4.215,4.234,4.173,4.19,-0.034,-0.8049,2916148.28,1226358.662
510300.SH,20220610,4.19,4.159,4.26,4.158,4.248,0.058,1.3842,6480691.42,2738650.04
510300.SH,20220613,4.248,4.21,4.223,4.17,4.196,-0.052,-1.2241,5799002.48,2431783.718
510300.SH,20220614,4.196,4.165,4.24,4.115,4.236,0.04,0.9533,6249025.5,2613833.382
510300.SH,20220615,4.236,4.233,4.364,4.233,4.285,0.049,1.1568,11218852.05,4834544.988
510300.SH,20220616,4.285,4.298,4.317,4.249,4.258,-0.027,-0.6301,5075120.36,2175195.322
510300.SH,20220617,4.258,4.241,4.337,4.235,4.321,0.063,1.4796,7156474.04,3070562.903
510300.SH,20220620,4.321,4.331,4.388,4.308,4.342,0.021,0.486,7324344.57,3177526.646
510300.SH,20220621,4.342,4.342,4.378,4.305,4.34,-0.002,-0.0461,4224015.46,1833860.937
510300.SH,20220622,4.34,4.34,4.347,4.282,4.29,-0.05,-1.1521,3619642.72,1560986.297
510300.SH,20220623,4.29,4.291,4.367,4.284,4.365,0.075,1.7483,4056939.24,1755177.553
510300.SH,20220624,4.365,4.375,4.426,4.363,4.413,0.048,1.0997,4148338.49,1823076.991
510300.SH,20220627,4.413,4.429,4.499,4.429,4.461,0.048,1.0877,4559810.5,2036731.655
510300.SH,20220628,4.461,4.46,4.526,4.433,4.513,0.052,1.1657,3748823.78,1678987.256
510300.SH,20220629,4.513,4.498,4.527,4.443,4.458,-0.055,-1.2187,5448356.04,2437464.367
510300.SH,20220630,4.458,4.454,4.545,4.453,4.508,0.05,1.1216,5680515.61,2558737.77
510300.SH,20220701,4.508,4.52,4.525,4.474,4.493,-0.015,-0.3327,4455712.44,2004084.502
510300.SH,20220704,4.493,4.478,4.523,4.449,4.521,0.028,0.6232,3874217.25,1742756.113
510300.SH,20220705,4.521,4.526,4.565,4.462,4.511,-0.01,-0.2212,3921158.2,1764375.389
510300.SH,20220706,4.511,4.5,4.51,4.423,4.452,-0.059,-1.3079,3189627.17,1422718.113
510300.SH,20220707,4.452,4.445,4.488,4.422,4.468,0.016,0.3594,4030459.46,1799540.021
510300.SH,20220708,4.468,4.491,4.513,4.457,4.464,-0.004,-0.0895,2082490.3,933514.536
510300.SH,20220711,4.464,4.446,4.446,4.37,4.388,-0.076,-1.7025,4522074.98,1985923.671
510300.SH,20220712,4.388,4.382,4.407,4.338,4.352,-0.036,-0.8204,3435392.0,1500811.278
510300.SH,20220713,4.352,4.355,4.379,4.328,4.359,0.007,0.1608,2956003.01,1286893.961
510300.SH,20220714,4.359,4.355,4.389,4.336,4.36,0.001,0.0229,3264142.69,1423957.223
510300.SH,20220715,4.36,4.35,4.4,4.293,4.295,-0.065,-1.4908,7373071.08,3198511.731
510300.SH,20220718,4.295,4.312,4.359,4.274,4.341,0.046,1.071,3891151.08,1680718.462
510300.SH,20220719,4.341,4.337,4.337,4.285,4.319,-0.022,-0.5068,3535270.01,1526690.226
510300.SH,20220720,4.319,4.34,4.36,4.318,4.331,0.012,0.2778,2998383.73,1301780.82
510300.SH,20220721,4.331,4.315,4.338,4.285,4.286,-0.045,-1.039,3104926.43,1336941.254
510300.SH,20220722,4.286,4.301,4.335,4.259,4.289,0.003,0.07,3147688.01,1353688.808
510300.SH,20220725,4.289,4.285,4.288,4.253,4.271,-0.018,-0.4197,2516760.78,1074518.097
510300.SH,20220726,4.271,4.277,4.32,4.274,4.3,0.029,0.679,3762545.37,1616765.933
510300.SH,20220727,4.3,4.29,4.297,4.268,4.276,-0.024,-0.5581,2571786.19,1100930.34
510300.SH,20220728,4.276,4.292,4.33,4.275,4.279,0.003,0.0702,3695810.28,1591342.846
510300.SH,20220729,4.279,4.283,4.305,4.211,4.22,-0.059,-1.3788,4712653.53,2000643.545
510300.SH,20220801,4.22,4.206,4.248,4.181,4.238,0.018,0.4265,2983914.83,1259938.955
510300.SH,20220802,4.238,4.21,4.21,4.132,4.167,-0.071,-1.6753,5439732.56,2264729.834
510300.SH,20220803,4.167,4.18,4.209,4.111,4.122,-0.045,-1.0799,3766628.23,1569163.066
510300.SH,20220804,4.122,4.139,4.162,4.122,4.153,0.031,0.7521,2617508.72,1084601.677
510300.SH,20220805,4.153,4.156,4.224,4.153,4.218,0.065,1.5651,3933852.48,1643679.832
510300.SH,20220808,4.218,4.201,4.219,4.193,4.204,-0.014,-0.3319,1572823.57,661606.877
510300.SH,20220809,4.204,4.202,4.219,4.19,4.211,0.007,0.1665,2418243.56,1017515.521
510300.SH,20220810,4.211,4.202,4.216,4.148,4.166,-0.045,-1.0686,2037631.74,851095.724
510300.SH,20220811,4.166,4.183,4.26,4.176,4.254,0.088,2.1123,3480502.52,1469915.003
510300.SH,20220812,4.254,4.252,4.266,4.238,4.255,0.001,0.0235,2055897.52,874286.49
510300.SH,20220815,4.255,4.242,4.286,4.238,4.245,-0.01,-0.235,2328228.0,991661.294
510300.SH,20220816,4.245,4.25,4.272,4.227,4.235,-0.01,-0.2356,1684833.56,715599.992
510300.SH,20220817,4.235,4.236,4.287,4.211,4.276,0.041,0.9681,2810227.66,1196207.108
510300.SH,20220818,4.276,4.27,4.274,4.234,4.239,-0.037,-0.8653,1999681.1,849821.038
510300.SH,20220819,4.239,4.235,4.251,4.207,4.209,-0.03,-0.7077,2894410.65,1223343.184
510300.SH,20220822,4.209,4.2,4.248,4.196,4.236,0.027,0.6415,3109323.7,1316161.171
510300.SH,20220823,4.236,4.233,4.25,4.203,4.222,-0.014,-0.3305,2758775.95,1164226.234
510300.SH,20220824,4.222,4.234,4.238,4.136,4.145,-0.077,-1.8238,4031611.0,1683776.031
510300.SH,20220825,4.145,4.153,4.186,4.124,4.181,0.036,0.8685,3325106.91,1381245.566
510300.SH,20220826,4.181,4.179,4.201,4.168,4.175,-0.006,-0.1435,2268554.32,949304.012
510300.SH,20220829,4.175,4.141,4.161,4.125,4.15,-0.025,-0.5988,2345945.02,972243.824
510300.SH,20220830,4.15,4.154,4.156,4.106,4.141,-0.009,-0.2169,2320947.92,958534.782
510300.SH,20220831,4.141,4.124,4.182,4.113,4.141,0.0,0.0,5552796.34,2299526.279
510300.SH,20220901,4.141,4.13,4.153,4.098,4.107,-0.034,-0.8211,3202516.0,1320917.293
510300.SH,20220902,4.107,4.11,4.119,4.064,4.084,-0.023,-0.56,2637374.45,1078568.286
510300.SH,20220905,4.084,4.075,4.083,4.04,4.082,-0.002,-0.049,2158650.1,876596.965
510300.SH,20220906,4.082,4.095,4.116,4.074,4.111,0.029,0.7104,2641015.08,1081646.065
510300.SH,20220907,4.111,4.097,4.131,4.094,4.119,0.008,0.1946,1835727.95,755009.708
510300.SH,20220908,4.119,4.123,4.131,4.1,4.101,-0.018,-0.437,1716321.83,705978.922
510300.SH,20220909,4.101,4.107,4.167,4.106,4.159,0.058,1.4143,3929759.47,1630730.745
510300.SH,20220913,4.159,4.166,4.195,4.162,4.173,0.014,0.3366,3274311.9,1368323.051
510300.SH,20220914,4.173,4.134,4.155,4.114,4.127,-0.046,-1.1023,4299138.63,1777685.334
510300.SH,20220915,4.127,4.134,4.147,4.065,4.09,-0.037,-0.8965,5888444.46,2414072.683
510300.SH,20220916,4.09,4.077,4.087,3.996,4.0,-0.09,-2.2005,7257809.0,2929005.272
510300.SH,20220919,4.0,3.994,4.015,3.975,3.989,-0.011,-0.275,3977904.49,1588020.723
510300.SH,20220920,3.989,4.006,4.023,3.98,3.991,0.002,0.0501,3015149.95,1206397.489
510300.SH,20220921,3.991,3.98,3.99,3.943,3.961,-0.03,-0.7517,3634886.22,1441702.412
510300.SH,20220922,3.961,3.945,3.964,3.92,3.932,-0.029,-0.7321,2798468.0,1101764.633
510300.SH,20220923,3.932,3.932,3.951,3.892,3.924,-0.008,-0.2035,5202490.45,2042024.441
510300.SH,20220926,3.924,3.9,3.958,3.894,3.899,-0.025,-0.6371,7560335.83,2966154.628
510300.SH,20220927,3.899,3.91,3.957,3.892,3.949,0.05,1.2824,5191603.41,2035835.677
510300.SH,20220928,3.949,3.935,3.938,3.89,3.893,-0.056,-1.4181,5300816.06,2073607.923
510300.SH,20220929,3.893,3.916,3.937,3.873,3.894,0.001,0.0257,5060836.27,1977736.758
510300.SH,20220930,3.894,3.895,3.915,3.865,3.868,-0.026,-0.6677,6383788.01,2480624.616
510300.SH,20221010,3.868,3.867,3.87,3.777,3.789,-0.079,-2.0424,6841092.48,2614912.261
510300.SH,20221011,3.789,3.791,3.804,3.77,3.786,-0.003,-0.0792,4913806.91,1861116.628
510300.SH,20221012,3.786,3.787,3.851,3.719,3.848,0.062,1.6376,7315129.83,2765038.458
510300.SH,20221013,3.848,3.816,3.847,3.806,3.815,-0.033,-0.8576,3451402.76,1318777.601
510300.SH,20221014,3.815,3.852,3.923,3.843,3.903,0.088,2.3067,7496291.33,2913802.969
510300.SH,20221017,3.903,3.895,3.906,3.869,3.902,-0.001,-0.0256,3887600.9,1512958.472
510300.SH,20221018,3.902,3.924,3.93,3.887,3.895,-0.007,-0.1794,4311343.8,1683477.555
510300.SH,20221019,3.895,3.89,3.902,3.834,3.836,-0.059,-1.5148,2881622.83,1112398.864
510300.SH,20221020,3.836,3.82,3.876,3.791,3.824,-0.012,-0.3128,3723050.13,1422560.648
510300.SH,20221021,3.824,3.837,3.839,3.784,3.802,-0.022,-0.5753,3275721.1,1248398.834
510300.SH,20221024,3.802,3.799,3.833,3.686,3.704,-0.098,-2.5776,6297939.7,2356237.577
510300.SH,20221025,3.704,3.692,3.739,3.661,3.688,-0.016,-0.432,8235169.71,3041126.027
510300.SH,20221026,3.688,3.69,3.768,3.689,3.716,0.028,0.7592,6862870.21,2555494.776
510300.SH,20221027,3.716,3.739,3.75,3.689,3.69,-0.026,-0.6997,5123970.5,1906381.171
510300.SH,20221028,3.69,3.677,3.683,3.595,3.604,-0.086,-2.3306,7381371.51,2686507.817
510300.SH,20221031,3.604,3.58,3.616,3.552,3.565,-0.039,-1.0821,5976563.87,2139122.276
510300.SH,20221101,3.565,3.585,3.705,3.58,3.703,0.138,3.871,10691572.04,3904744.293
510300.SH,20221102,3.703,3.685,3.767,3.678,3.737,0.034,0.9182,7516463.03,2800488.062
510300.SH,20221103,3.737,3.717,3.732,3.689,3.707,-0.03,-0.8028,4881107.1,1811025.929
510300.SH,20221104,3.707,3.705,3.851,3.704,3.834,0.127,3.426,11292457.26,4301093.449
510300.SH,20221107,3.834,3.81,3.855,3.809,3.834,0.0,0.0,5340733.73,2046292.254
510300.SH,20221108,3.834,3.834,3.843,3.787,3.811,-0.023,-0.5999,8012578.95,3048899.191
510300.SH,20221109,3.811,3.811,3.824,3.767,3.771,-0.04,-1.0496,5209239.83,1973017.696
510300.SH,20221110,3.771,3.75,3.766,3.727,3.75,-0.021,-0.5569,5064963.68,1895277.956
510300.SH,20221111,3.75,3.842,3.898,3.81,3.848,0.098,2.6133,13767022.67,5298752.15
510300.SH,20221114,3.848,3.898,3.919,3.84,3.85,0.002,0.052,8509668.66,3301268.208
510300.SH,20221115,3.85,3.842,3.934,3.835,3.925,0.075,1.9481,7671834.69,2991368.782
510300.SH,20221116,3.925,3.918,3.938,3.891,3.896,-0.029,-0.7389,5377972.13,2102969.877
510300.SH,20221117,3.896,3.886,3.886,3.835,3.879,-0.017,-0.4363,7916228.15,3054875.919
510300.SH,20221118,3.879,3.882,3.902,3.859,3.866,-0.013,-0.3351,6491949.23,2516386.318
510300.SH,20221121,3.866,3.837,3.837,3.79,3.833,-0.033,-0.8536,5182489.08,1975747.61
510300.SH,20221122,3.833,3.827,3.871,3.805,3.831,-0.002,-0.0522,6490256.38,2485266.857
510300.SH,20221123,3.831,3.82,3.856,3.814,3.834,0.003,0.0783,5487915.95,2103792.365
510300.SH,20221124,3.834,3.85,3.868,3.81,3.816,-0.018,-0.4695,4821489.26,1848016.848
510300.SH,20221125,3.816,3.819,3.854,3.805,3.837,0.021,0.5503,5492157.73,2105975.532
510300.SH,20221128,3.837,3.772,3.799,3.73,3.792,-0.045,-1.1728,6260914.49,2355441.434
510300.SH,20221129,3.792,3.814,3.917,3.814,3.908,0.116,3.0591,7207068.45,2792262.749
510300.SH,20221130,3.908,3.898,3.927,3.895,3.911,0.003,0.0768,4594858.0,1796654.8
510300.SH,20221201,3.911,3.98,4.01,3.955,3.956,0.045,1.1506,6354125.83,2528610.659
510300.SH,20221202,3.956,3.955,3.964,3.931,3.933,-0.023,-0.5814,10304210.29,4066062.11
510300.SH,20221205,3.933,3.974,4.007,3.957,4.004,0.071,1.8052,8761770.74,3492977.853
510300.SH,20221206,4.004,3.992,4.05,3.988,4.027,0.023,0.5744,7658072.6,3081714.196
510300.SH,20221207,4.027,4.02,4.066,4.0,4.015,-0.012,-0.298,6820750.53,2745026.152
510300.SH,20221208,4.015,4.015,4.033,4.003,4.024,0.009,0.2242,5094094.92,2047176.131
510300.SH,20221209,4.024,4.023,4.069,4.008,4.058,0.034,0.8449,6474551.86,2613255.569
510300.SH,20221212,4.058,4.045,4.045,4.012,4.016,-0.042,-1.035,4668575.24,1880206.885
510300.SH,20221213,4.016,4.018,4.028,4.0,4.005,-0.011,-0.2739,3636743.33,1459236.5
510300.SH,20221214,4.005,4.01,4.033,3.995,4.015,0.01,0.2497,6219073.53,2495651.006
510300.SH,20221215,4.015,4.016,4.025,3.988,4.013,-0.002,-0.0498,5307512.98,2126027.806
510300.SH,20221216,4.013,4.011,4.026,3.992,4.017,0.004,0.0997,9083686.92,3639862.008
510300.SH,20221219,4.017,4.022,4.033,3.942,3.959,-0.058,-1.4439,7451964.91,2965759.177
510300.SH,20221220,3.959,3.945,3.948,3.873,3.896,-0.063,-1.5913,8155654.96,3188456.65
510300.SH,20221221,3.896,3.901,3.911,3.882,3.893,-0.003,-0.077,5230558.0,2038360.701
510300.SH,20221222,3.893,3.916,3.944,3.881,3.901,0.008,0.2055,6878209.77,2690306.339
510300.SH,20221223,3.901,3.884,3.912,3.872,3.891,-0.01,-0.2563,10847910.27,4222061.974
510300.SH,20221226,3.891,3.89,3.92,3.888,3.9,0.009,0.2313,6511936.84,2542745.278
510300.SH,20221227,3.9,3.94,3.953,3.919,3.947,0.047,1.2051,5820487.97,2292894.562
510300.SH,20221228,3.947,3.939,3.945,3.917,3.934,-0.013,-0.3294,6492689.83,2553573.421
510300.SH,20221229,3.934,3.919,3.933,3.896,3.922,-0.012,-0.305,7212710.03,2825957.366
510300.SH,20221230,3.922,3.937,3.951,3.934,3.938,0.016,0.408,6302285.76,2485143.924
510300.SH,20230103,3.938,3.937,3.961,3.89,3.949,0.011,0.2793,6563107.82,2576087.718
510300.SH,20230104,3.949,3.948,3.965,3.931,3.954,0.005,0.1266,9807997.21,3874438.389
510300.SH,20230105,3.954,3.975,4.035,3.972,4.029,0.075,1.8968,7745022.93,3108571.448
510300.SH,20230106,4.029,4.03,4.062,4.026,4.045,0.016,0.3971,5410808.25,2187353.311
510300.SH,20230109,4.045,4.065,4.086,4.052,4.07,0.025,0.618,7809599.41,3178181.433
510300.SH,20230110,4.07,4.068,4.092,4.062,4.076,0.006,0.1474,7442622.24,3033001.135
510300.SH,20230111,4.076,4.077,4.105,4.069,4.076,0.0,0.0,5715114.39,2334923.33
510300.SH,20230112,4.076,4.083,4.095,4.068,4.082,0.006,0.1472,3255872.08,1328948.654
510300.SH,20230113,4.082,4.089,4.148,4.089,4.144,0.062,1.5189,6559089.97,2702284.069
510300.SH,20230116,4.08,4.085,4.184,4.083,4.143,0.063,1.5441,17163759.27,7109168.359
510300.SH,20230117,4.143,4.143,4.152,4.122,4.139,-0.004,-0.0965,6015131.27,2488168.863
510300.SH,20230118,4.139,4.146,4.152,4.126,4.13,-0.009,-0.2174,4456900.58,1843406.132
510300.SH,20230119,4.13,4.121,4.16,4.103,4.158,0.028,0.678,6074324.04,2513066.753
510300.SH,20230120,4.158,4.173,4.194,4.165,4.181,0.023,0.5532,5700821.96,2382114.372
510300.SH,20230130,4.181,4.26,4.267,4.198,4.205,0.024,0.574,8013470.8,3386449.597
510300.SH,20230131,4.205,4.208,4.217,4.152,4.159,-0.046,-1.0939,11392222.31,4761842.944
510300.SH,20230201,4.159,4.164,4.192,4.133,4.19,0.031,0.7454,7156519.62,2981748.341
510300.SH,20230202,4.19,4.202,4.205,4.163,4.18,-0.01,-0.2387,10018528.33,4188623.374
510300.SH,20230203,4.18,4.154,4.157,4.101,4.137,-0.043,-1.0287,9600521.04,3961301.299
510300.SH,20230206,4.137,4.103,4.104,4.058,4.08,-0.057,-1.3778,7314597.03,2982940.562
510300.SH,20230207,4.08,4.086,4.101,4.07,4.09,0.01,0.2451,5539881.04,2263547.38
510300.SH,20230208,4.09,4.092,4.109,4.065,4.073,-0.017,-0.4156,4628713.01,1889787.994
510300.SH,20230209,4.073,4.067,4.131,4.063,4.127,0.054,1.3258,5958885.82,2450554.135
510300.SH,20230210,4.127,4.128,4.128,4.086,4.103,-0.024,-0.5815,5205224.36,2135893.097
510300.SH,20230213,4.103,4.09,4.141,4.083,4.135,0.032,0.7799,8280101.37,3415190.764
510300.SH,20230214,4.135,4.141,4.147,4.119,4.144,0.009,0.2177,3326323.66,1374345.788
510300.SH,20230215,4.144,4.141,4.154,4.108,4.116,-0.028,-0.6757,6455067.58,2658512.888
510300.SH,20230216,4.116,4.12,4.168,4.062,4.087,-0.029,-0.7046,7925100.51,3275079.466
510300.SH,20230217,4.087,4.085,4.101,4.025,4.029,-0.058,-1.4191,7433949.22,3025278.809
510300.SH,20230220,4.029,4.034,4.137,4.028,4.134,0.105,2.6061,10495254.86,4282521.265
510300.SH,20230221,4.134,4.134,4.15,4.114,4.139,0.005,0.1209,5609024.94,2318009.475
510300.SH,20230222,4.139,4.123,4.134,4.092,4.099,-0.04,-0.9664,4529454.39,1861371.777
510300.SH,20230223,4.099,4.103,4.125,4.081,4.099,0.0,0.0,4655595.33,1908740.957
510300.SH,20230224,4.099,4.098,4.098,4.04,4.06,-0.039,-0.9515,8087761.54,3282777.177
510300.SH,20230227,4.06,4.04,4.063,4.028,4.045,-0.015,-0.3695,4569575.03,1848791.379
510300.SH,20230228,4.045,4.057,4.076,4.02,4.071,0.026,0.6428,4845454.31,1963458.643
510300.SH,20230301,4.071,4.067,4.136,4.06,4.12,0.049,1.2036,11804809.52,4856375.177
510300.SH,20230302,4.12,4.11,4.134,4.107,4.115,-0.005,-0.1214,4391328.6,1808866.225
510300.SH,20230303,4.115,4.126,4.136,4.094,4.124,0.009,0.2187,4201757.27,1730990.673
510300.SH,20230306,4.124,4.125,4.127,4.08,4.099,-0.025,-0.6062,9293024.52,3808515.076
510300.SH,20230307,4.099,4.095,4.118,4.039,4.042,-0.057,-1.3906,6746494.18,2756431.261
510300.SH,20230308,4.042,4.03,4.035,4.01,4.026,-0.016,-0.3958,4313153.62,1735039.806
510300.SH,20230309,4.026,4.032,4.036,3.992,4.016,-0.01,-0.2484,4079364.91,1639051.249
510300.SH,20230310,4.016,3.99,4.004,3.959,3.961,-0.055,-1.3695,4981129.25,1982846.713
510300.SH,20230313,3.961,3.961,4.008,3.961,4.005,0.044,1.1108,4674529.24,1865984.62
510300.SH,20230314,4.005,4.0,4.0,3.945,3.98,-0.025,-0.6242,4635415.7,1842611.053
510300.SH,20230315,3.98,4.006,4.016,3.978,3.979,-0.001,-0.0251,3933010.56,1571377.024
510300.SH,20230316,3.979,3.96,3.979,3.93,3.933,-0.046,-1.1561,4331438.17,1713141.943
510300.SH,20230317,3.933,3.96,4.004,3.935,3.954,0.021,0.5339,11235011.96,4453754.362
510300.SH,20230320,3.954,3.954,3.976,3.926,3.932,-0.022,-0.5564,5709547.57,2258210.593
510300.SH,20230321,3.932,3.943,3.979,3.941,3.975,0.043,1.0936,5567436.61,2206195.773
510300.SH,20230322,3.975,3.985,4.009,3.979,3.993,0.018,0.4528,5817561.57,2323803.781
510300.SH,20230323,3.993,3.98,4.032,3.978,4.031,0.038,0.9517,5344729.29,2143951.55
510300.SH,20230324,4.031,4.023,4.034,4.014,4.026,-0.005,-0.124,2548952.54,1025007.603
510300.SH,20230327,4.026,4.025,4.025,3.984,4.005,-0.021,-0.5216,4912546.74,1966086.521
510300.SH,20230328,4.005,4.006,4.018,3.99,3.997,-0.008,-0.1998,5072061.25,2029086.627
510300.SH,20230329,3.997,4.018,4.019,3.991,3.997,0.0,0.0,6163363.08,2467227.537
510300.SH,20230330,3.997,3.998,4.041,3.981,4.04,0.043,1.0758,5572069.77,2238129.589
510300.SH,20230331,4.04,4.045,4.063,4.039,4.05,0.01,0.2475,6711624.79,2718176.592
510300.SH,20230403,4.05,4.05,4.091,4.045,4.08,0.03,0.7407,5513396.98,2243377.317
510300.SH,20230404,4.08,4.08,4.102,4.072,4.1,0.02,0.4902,4803087.24,1960368.642
510300.SH,20230406,4.1,4.085,4.093,4.073,4.088,-0.012,-0.2927,3782868.41,1544679.079
510300.SH,20230407,4.088,4.088,4.129,4.086,4.117,0.029,0.7094,3295856.83,1355999.026
510300.SH,20230410,4.117,4.128,4.129,4.098,4.102,-0.015,-0.3643,4743615.79,1948356.331
510300.SH,20230411,4.102,4.105,4.112,4.078,4.092,-0.01,-0.2438,5359549.87,2195224.021
510300.SH,20230412,4.092,4.093,4.098,4.08,4.088,-0.004,-0.0978,3358336.87,1373120.38
510300.SH,20230413,4.088,4.079,4.085,4.057,4.063,-0.025,-0.6115,4021907.38,1635782.613
510300.SH,20230414,4.063,4.075,4.094,4.071,4.084,0.021,0.5169,4560326.44,1860596.353
510300.SH,20230417,4.084,4.081,4.147,4.08,4.145,0.061,1.4936,6325479.99,2605868.198
510300.SH,20230418,4.145,4.144,4.163,4.136,4.152,0.007,0.1689,4160542.95,1726660.643
510300.SH,20230419,4.152,4.154,4.154,4.115,4.119,-0.033,-0.7948,4085730.24,1688498.846
510300.SH,20230420,4.119,4.118,4.122,4.09,4.103,-0.016,-0.3884,6073086.36,2491260.807
510300.SH,20230421,4.103,4.103,4.106,4.024,4.03,-0.073,-1.7792,6836486.27,2776624.903
510300.SH,20230424,4.03,4.029,4.032,3.963,3.979,-0.051,-1.2655,5940936.64,2372492.823
510300.SH,20230425,3.979,3.98,3.988,3.924,3.96,-0.019,-0.4775,9664267.71,3820424.644
510300.SH,20230426,3.96,3.958,3.97,3.934,3.951,-0.009,-0.2273,9034653.26,3570141.037
510300.SH,20230427,3.951,3.948,4.0,3.94,3.986,0.035,0.8859,4677696.71,1857891.159
510300.SH,20230428,3.986,3.997,4.03,3.991,4.025,0.039,0.9784,4518062.34,1813115.078
510300.SH,20230504,4.025,4.013,4.027,3.996,4.025,0.0,0.0,3378611.24,1356998.397
510300.SH,20230505,4.025,4.026,4.038,3.989,4.009,-0.016,-0.3975,3379499.05,1355979.468
510300.SH,20230508,4.009,4.016,4.064,4.011,4.054,0.045,1.1225,6848151.56,2769137.971
510300.SH,20230509,4.054,4.059,4.085,4.019,4.019,-0.035,-0.8633,5668906.88,2299963.548
510300.SH,20230510,4.019,4.017,4.019,3.98,3.988,-0.031,-0.7713,9165933.16,3663507.046
510300.SH,20230511,3.988,3.998,4.008,3.98,3.983,-0.005,-0.1254,3216150.29,1284651.681
510300.SH,20230512,3.983,3.982,3.996,3.93,3.932,-0.051,-1.2804,5187745.22,2053102.56
510300.SH,20230515,3.932,3.934,3.996,3.923,3.995,0.063,1.6022,8107573.96,3203031.252
510300.SH,20230516,3.995,3.994,4.0,3.962,3.978,-0.017,-0.4255,4068203.1,1620578.488
510300.SH,20230517,3.978,3.971,3.982,3.941,3.951,-0.027,-0.6787,6405805.08,2535368.771
510300.SH,20230518,3.951,3.958,3.978,3.931,3.95,-0.001,-0.0253,7006002.19,2770097.587
510300.SH,20230519,3.95,3.94,3.966,3.922,3.944,-0.006,-0.1519,3417125.85,1347166.083
510300.SH,20230522,3.944,3.943,3.985,3.93,3.964,0.02,0.5071,5003757.23,1981482.735
510300.SH,20230523,3.964,3.967,3.971,3.906,3.907,-0.057,-1.4379,6117573.37,2405349.012
510300.SH,20230524,3.907,3.902,3.903,3.852,3.854,-0.053,-1.3565,7672776.16,2973586.313
510300.SH,20230525,3.854,3.848,3.858,3.812,3.845,-0.009,-0.2335,4918567.45,1888723.116
510300.SH,20230526,3.845,3.843,3.861,3.813,3.85,0.005,0.13,4462036.6,1713952.91
510300.SH,20230529,3.85,3.858,3.87,3.819,3.834,-0.016,-0.4156,4030135.49,1546653.526
510300.SH,20230530,3.834,3.826,3.847,3.79,3.838,0.004,0.1043,5720979.44,2186287.405
510300.SH,20230531,3.838,3.828,3.828,3.785,3.802,-0.036,-0.938,7338757.12,2792006.056
510300.SH,20230601,3.802,3.799,3.84,3.794,3.81,0.008,0.2104,6749756.97,2579669.883
510300.SH,20230602,3.81,3.83,3.873,3.83,3.863,0.053,1.3911,6929780.97,2672332.967
510300.SH,20230605,3.863,3.857,3.861,3.835,3.845,-0.018,-0.466,3611549.26,1389909.743
510300.SH,20230606,3.845,3.846,3.874,3.804,3.808,-0.037,-0.9623,4115697.03,1579493.947
510300.SH,20230607,3.808,3.82,3.827,3.783,3.796,-0.012,-0.3151,3721766.73,1416641.429
510300.SH,20230608,3.796,3.796,3.843,3.783,3.828,0.032,0.843,3834888.93,1462204.388
510300.SH,20230609,3.828,3.829,3.847,3.822,3.844,0.016,0.418,5270688.56,2021624.139
510300.SH,20230612,3.844,3.84,3.87,3.825,3.848,0.004,0.1041,4596593.36,1768357.7
510300.SH,20230613,3.848,3.84,3.88,3.837,3.877,0.029,0.7536,3503880.28,1353181.342
510300.SH,20230614,3.877,3.879,3.904,3.875,3.877,0.0,0.0,4441136.22,1727523.754
510300.SH,20230615,3.877,3.886,3.943,3.88,3.942,0.065,1.6766,5084305.49,1990297.387
510300.SH,20230616,3.942,3.949,3.988,3.949,3.979,0.037,0.9386,6021488.04,2389873.017
510300.SH,20230619,3.979,3.979,3.979,3.944,3.949,-0.03,-0.754,4003073.79,1583693.179
510300.SH,20230620,3.949,3.941,3.959,3.936,3.942,-0.007,-0.1773,3538923.42,1396571.289
510300.SH,20230621,3.942,3.935,3.939,3.885,3.887,-0.055,-1.3952,4893537.0,1915610.962
510300.SH,20230626,3.887,3.866,3.87,3.831,3.843,-0.044,-1.132,6404956.0,2462685.974
510300.SH,20230627,3.843,3.842,3.879,3.835,3.869,0.026,0.6766,3971020.74,1532293.882
510300.SH,20230628,3.869,3.863,3.878,3.837,3.877,0.008,0.2068,4627456.13,1786039.957
510300.SH,20230629,3.877,3.877,3.879,3.847,3.859,-0.018,-0.4643,3002626.47,1159259.69
510300.SH,20230630,3.859,3.858,3.9,3.853,3.882,0.023,0.596,5299182.5,2058017.0
510300.SH,20230703,3.882,3.89,3.939,3.888,3.927,0.045,1.1592,4739097.07,1857984.547
510300.SH,20230704,3.927,3.925,3.936,3.919,3.934,0.007,0.1783,2521212.89,990312.869
510300.SH,20230705,3.934,3.928,3.934,3.901,3.907,-0.027,-0.6863,2712152.41,1061461.518
510300.SH,20230706,3.907,3.9,3.92,3.874,3.879,-0.028,-0.7167,3467438.84,1349288.878
510300.SH,20230707,3.879,3.875,3.884,3.859,3.868,-0.011,-0.2836,3022776.7,1170006.594
510300.SH,20230710,3.868,3.886,3.91,3.872,3.884,0.016,0.4137,4284868.11,1668025.659
510300.SH,20230711,3.884,3.897,3.915,3.887,3.91,0.026,0.6694,5874389.34,2292218.456
510300.SH,20230712,3.91,3.914,3.92,3.881,3.891,-0.019,-0.4859,3894107.68,1520311.053
510300.SH,20230713,3.891,3.91,3.957,3.91,3.954,0.063,1.6191,5722865.52,2254997.24
510300.SH,20230714,3.954,3.96,3.964,3.95,3.952,-0.002,-0.0506,3632621.03,1437431.006
510300.SH,20230717,3.952,3.946,3.946,3.908,3.924,-0.028,-0.7085,4486125.66,1757874.089
510300.SH,20230718,3.924,3.925,3.932,3.905,3.918,-0.006,-0.1529,2666707.16,1044528.809
510300.SH,20230719,3.918,3.91,3.924,3.895,3.916,-0.002,-0.051,5012406.59,1958620.837
510300.SH,20230720,3.916,3.923,3.942,3.881,3.888,-0.028,-0.715,8715070.69,3409059.171
510300.SH,20230721,3.888,3.888,3.917,3.875,3.89,0.002,0.0514,7272501.49,2831069.309
510300.SH,20230724,3.89,3.87,3.897,3.864,3.873,-0.017,-0.437,4549819.86,1762582.929
510300.SH,20230725,3.873,3.92,3.986,3.92,3.985,0.112,2.8918,11409823.93,4516702.93
510300.SH,20230726,3.985,3.98,3.982,3.961,3.976,-0.009,-0.2258,5880385.74,2336248.742
510300.SH,20230727,3.976,3.985,3.998,3.96,3.972,-0.004,-0.1006,6024657.65,2399970.524
510300.SH,20230728,3.972,3.953,4.075,3.953,4.068,0.096,2.4169,14964884.03,6045486.97
510300.SH,20230731,4.068,4.1,4.141,4.074,4.084,0.016,0.3933,17906349.98,7347223.022
510300.SH,20230801,4.084,4.08,4.105,4.055,4.066,-0.018,-0.4407,11359815.81,4628166.309
510300.SH,20230802,4.066,4.059,4.08,4.026,4.037,-0.029,-0.7132,7894398.31,3195405.068
510300.SH,20230803,4.037,4.031,4.075,4.031,4.073,0.036,0.8918,7379311.12,2990984.772
510300.SH,20230804,4.073,4.115,4.132,4.08,4.094,0.021,0.5156,14223574.58,5844695.555
510300.SH,20230807,4.094,4.076,4.076,4.049,4.063,-0.031,-0.7572,12814224.08,5203107.906
510300.SH,20230808,4.063,4.048,4.075,4.035,4.048,-0.015,-0.3692,11165790.62,4524172.048
510300.SH,20230809,4.048,4.038,4.055,4.034,4.04,-0.008,-0.1976,13325079.01,5388159.549
510300.SH,20230810,4.04,4.038,4.05,4.014,4.045,0.005,0.1238,9382509.08,3788454.446
510300.SH,20230811,4.045,4.045,4.048,3.948,3.95,-0.095,-2.3486,12885598.13,5137860.063
510300.SH,20230814,3.95,3.919,3.932,3.884,3.923,-0.027,-0.6835,10386003.3,4062406.138
510300.SH,20230815,3.923,3.927,3.935,3.881,3.919,-0.004,-0.102,8165194.1,3193418.408
510300.SH,20230816,3.919,3.902,3.922,3.887,3.889,-0.03,-0.7655,8558494.76,3338499.228
510300.SH,20230817,3.889,3.871,3.909,3.855,3.902,0.013,0.3343,11561183.39,4488757.418
510300.SH,20230818,3.902,3.904,3.914,3.851,3.852,-0.05,-1.2814,12755465.46,4949895.035
510300.SH,20230821,3.852,3.843,3.854,3.797,3.8,-0.052,-1.3499,11009243.57,4211773.045
510300.SH,20230822,3.8,3.818,3.841,3.772,3.823,0.023,0.6053,13315288.73,5068251.898
510300.SH,20230823,3.823,3.81,3.821,3.759,3.768,-0.055,-1.4387,10824197.22,4103294.099
510300.SH,20230824,3.768,3.775,3.82,3.772,3.791,0.023,0.6104,9526547.79,3613485.225
510300.SH,20230825,3.791,3.776,3.809,3.768,3.784,-0.007,-0.1846,11745354.68,4441349.667
510300.SH,20230828,3.784,4.011,4.011,3.81,3.837,0.053,1.4006,28220117.65,10967426.433
510300.SH,20230829,3.837,3.82,3.888,3.818,3.859,0.022,0.5734,21940525.31,8447914.072
510300.SH,20230830,3.859,3.864,3.884,3.85,3.858,-0.001,-0.0259,10361322.86,4005949.852
510300.SH,20230831,3.858,3.858,3.865,3.83,3.839,-0.019,-0.4925,8384688.26,3223625.329
510300.SH,20230901,3.839,3.857,3.88,3.85,3.862,0.023,0.5991,7926924.88,3061777.815
510300.SH,20230904,3.862,3.89,3.93,3.874,3.92,0.058,1.5018,11855232.74,4631839.161
510300.SH,20230905,3.92,3.91,3.912,3.885,3.893,-0.027,-0.6888,6297700.96,2454185.74
510300.SH,20230906,3.893,3.88,3.893,3.866,3.883,-0.01,-0.2569,7151761.27,2772119.111
510300.SH,20230907,3.883,3.875,3.876,3.826,3.83,-0.053,-1.3649,9410349.63,3620025.67
510300.SH,20230908,3.83,3.815,3.828,3.796,3.809,-0.021,-0.5483,8186358.34,3117927.088
510300.SH,20230911,3.809,3.81,3.861,3.803,3.837,0.028,0.7351,8166507.88,3130054.721
510300.SH,20230912,3.837,3.834,3.846,3.825,3.832,-0.005,-0.1303,5949369.1,2280742.953
510300.SH,20230913,3.832,3.831,3.842,3.787,3.807,-0.025,-0.6524,10321331.23,3927790.358
510300.SH,20230914,3.807,3.806,3.818,3.785,3.804,-0.003,-0.0788,9282830.35,3527433.204
510300.SH,20230915,3.804,3.811,3.818,3.769,3.787,-0.017,-0.4469,11906221.12,4515384.978
510300.SH,20230918,3.787,3.778,3.811,3.764,3.8,0.013,0.3433,9859263.93,3740921.119
510300.SH,20230919,3.8,3.796,3.798,3.772,3.795,-0.005,-0.1316,7270062.69,2752539.515
510300.SH,20230920,3.795,3.785,3.793,3.777,3.777,-0.018,-0.4743,6341354.98,2399486.875
510300.SH,20230921,3.777,3.769,3.783,3.741,3.742,-0.035,-0.9267,8991970.17,3378417.954
510300.SH,20230922,3.742,3.736,3.818,3.735,3.817,0.075,2.0043,12471165.54,4719058.01
510300.SH,20230925,3.817,3.806,3.809,3.782,3.789,-0.028,-0.7336,7009056.51,2656946.227
510300.SH,20230926,3.789,3.786,3.797,3.766,3.768,-0.021,-0.5542,8629084.81,3257834.057
510300.SH,20230927,3.768,3.767,3.805,3.766,3.778,0.01,0.2654,10780539.58,4074752.971
510300.SH,20230928,3.778,3.785,3.791,3.756,3.764,-0.014,-0.3706,11206123.53,4221645.459
510300.SH,20231009,3.764,3.757,3.768,3.713,3.754,-0.01,-0.2657,8752130.72,3273783.14
510300.SH,20231010,3.754,3.766,3.778,3.724,3.727,-0.027,-0.7192,9279323.76,3475885.457
510300.SH,20231011,3.727,3.745,3.762,3.727,3.735,0.008,0.2146,8934987.08,3346389.864
510300.SH,20231012,3.735,3.77,3.785,3.752,3.771,0.036,0.9639,9335215.69,3516113.484
510300.SH,20231013,3.771,3.75,3.751,3.724,3.736,-0.035,-0.9281,11350953.39,4239502.34
510300.SH,20231016,3.736,3.736,3.738,3.682,3.693,-0.043,-1.151,11389805.84,4217878.506
510300.SH,20231017,3.693,3.7,3.713,3.687,3.705,0.012,0.3249,8880603.0,3286594.496
510300.SH,20231018,3.705,3.699,3.703,3.675,3.677,-0.028,-0.7557,8102705.94,2986654.336
510300.SH,20231019,3.677,3.66,3.66,3.595,3.6,-0.077,-2.0941,16903687.77,6128588.638
510300.SH,20231020,3.6,3.583,3.6,3.565,3.582,-0.018,-0.5,17404461.64,6233727.376
510300.SH,20231023,3.582,3.568,3.57,3.512,3.544,-0.038,-1.0609,27102417.09,9591980.2
510300.SH,20231024,3.544,3.553,3.563,3.52,3.549,0.005,0.1411,15350129.75,5440874.384
510300.SH,20231025,3.549,3.588,3.603,3.567,3.569,0.02,0.5635,13833515.68,4957392.955
510300.SH,20231026,3.569,3.555,3.586,3.548,3.582,0.013,0.3642,11436094.97,4074940.755
510300.SH,20231027,3.582,3.574,3.649,3.565,3.636,0.054,1.5075,16476623.97,5952697.55
510300.SH,20231030,3.636,3.622,3.663,3.62,3.652,0.016,0.44,9614013.73,3503763.582
510300.SH,20231031,3.652,3.645,3.65,3.622,3.644,-0.008,-0.2191,8396600.29,3053046.237
510300.SH,20231101,3.644,3.68,3.68,3.632,3.642,-0.002,-0.0549,8119834.0,2960433.483
510300.SH,20231102,3.642,3.648,3.669,3.624,3.625,-0.017,-0.4668,10753815.83,3915900.772
510300.SH,20231103,3.625,3.631,3.668,3.63,3.653,0.028,0.7724,10578226.83,3863396.873
510300.SH,20231106,3.653,3.675,3.705,3.674,3.701,0.048,1.314,11766495.62,4344615.629
510300.SH,20231107,3.701,3.692,3.701,3.676,3.69,-0.011,-0.2972,6575290.91,2424393.951
510300.SH,20231108,3.69,3.683,3.696,3.658,3.679,-0.011,-0.2981,11353212.2,4175672.872
510300.SH,20231109,3.679,3.671,3.695,3.669,3.682,0.003,0.0815,8185694.45,3012831.353
510300.SH,20231110,3.682,3.668,3.668,3.643,3.655,-0.027,-0.7333,7841767.92,2864208.754
510300.SH,20231113,3.655,3.659,3.666,3.63,3.65,-0.005,-0.1368,6744633.35,2456900.62
510300.SH,20231114,3.65,3.654,3.67,3.635,3.65,0.0,0.0,7533172.17,2750944.509
510300.SH,20231115,3.65,3.68,3.691,3.663,3.675,0.025,0.6849,9940631.3,3654308.894
510300.SH,20231116,3.675,3.67,3.673,3.637,3.639,-0.036,-0.9796,8815566.65,3216526.669
510300.SH,20231117,3.639,3.63,3.638,3.612,3.634,-0.005,-0.1374,11984508.72,4344183.851
510300.SH,20231120,3.634,3.637,3.657,3.61,3.645,0.011,0.3027,8584303.6,3119864.711
510300.SH,20231121,3.645,3.655,3.686,3.64,3.65,0.005,0.1372,9316054.85,3414862.52
510300.SH,20231122,3.65,3.641,3.646,3.61,3.611,-0.039,-1.0685,7622027.06,2765607.794
510300.SH,20231123,3.611,3.609,3.632,3.595,3.63,0.019,0.5262,7749718.08,2800813.039
510300.SH,20231124,3.63,3.626,3.627,3.598,3.605,-0.025,-0.6887,7434532.94,2684275.512
510300.SH,20231127,3.605,3.604,3.604,3.557,3.581,-0.024,-0.6657,7762956.48,2773819.65
510300.SH,20231128,3.581,3.575,3.59,3.566,3.585,0.004,0.1117,7274837.41,2603222.024
510300.SH,20231129,3.585,3.586,3.589,3.545,3.558,-0.027,-0.7531,7590569.98,2702123.586
510300.SH,20231130,3.558,3.554,3.572,3.547,3.562,0.004,0.1124,6678100.76,2377329.01
510300.SH,20231201,3.562,3.561,3.567,3.519,3.548,-0.014,-0.393,8604681.31,3046328.676
510300.SH,20231204,3.548,3.551,3.554,3.523,3.524,-0.024,-0.6764,6925229.52,2448340.185
510300.SH,20231205,3.524,3.519,3.519,3.457,3.458,-0.066,-1.8729,10087895.71,3519764.103
510300.SH,20231206,3.458,3.454,3.483,3.444,3.463,0.005,0.1446,10019448.65,3471511.576
510300.SH,20231207,3.463,3.461,3.468,3.431,3.454,-0.009,-0.2599,9345058.26,3222732.043
510300.SH,20231208,3.454,3.455,3.473,3.45,3.461,0.007,0.2027,7091985.92,2456531.937
510300.SH,20231211,3.461,3.44,3.497,3.415,3.485,0.024,0.6934,9982478.34,3440612.626
510300.SH,20231212,3.485,3.476,3.495,3.473,3.493,0.008,0.2296,6407242.15,2232549.949
510300.SH,20231213,3.493,3.482,3.486,3.432,3.435,-0.058,-1.6605,7088152.11,2449237.49
510300.SH,20231214,3.435,3.451,3.465,3.414,3.419,-0.016,-0.4658,7415331.23,2548257.393
510300.SH,20231215,3.419,3.43,3.454,3.405,3.412,-0.007,-0.2047,8999767.85,3083345.817
510300.SH,20231218,3.412,3.398,3.419,3.38,3.398,-0.014,-0.4103,8473037.52,2880805.451
510300.SH,20231219,3.398,3.397,3.414,3.38,3.4,0.002,0.0589,10985366.29,3728059.629
510300.SH,20231220,3.4,3.404,3.409,3.365,3.369,-0.031,-0.9118,10347176.1,3505163.478
510300.SH,20231221,3.369,3.355,3.411,3.352,3.4,0.031,0.9202,15924480.74,5392955.427
510300.SH,20231222,3.4,3.397,3.43,3.382,3.406,0.006,0.1765,20765265.41,7076759.645
510300.SH,20231225,3.406,3.405,3.42,3.401,3.415,0.009,0.2642,10041465.45,3425066.434
510300.SH,20231226,3.415,3.413,3.413,3.385,3.395,-0.02,-0.5857,7771693.2,2637394.901
510300.SH,20231227,3.395,3.396,3.411,3.378,3.405,0.01,0.2946,8361724.65,2840693.989
510300.SH,20231228,3.405,3.401,3.498,3.4,3.489,0.084,2.467,23832991.92,8259924.175
510300.SH,20231229,3.489,3.488,3.505,3.482,3.499,0.01,0.2866,25188734.84,8806298.908
510300.SH,20240102,3.499,3.502,3.502,3.451,3.453,-0.046,-1.3147,9429305.78,3269676.679
510300.SH,20240103,3.453,3.446,3.46,3.428,3.443,-0.01,-0.2896,10617502.73,3654757.871
510300.SH,20240104,3.443,3.442,3.442,3.387,3.413,-0.03,-0.8713,16661524.81,5674869.534
510300.SH,20240105,3.413,3.404,3.439,3.377,3.396,-0.017,-0.4981,16996696.66,5796964.474
510300.SH,20240108,3.396,3.389,3.403,3.346,3.349,-0.047,-1.384,17304243.86,5816612.453
510300.SH,20240109,3.349,3.351,3.371,3.339,3.357,0.008,0.2389,11312178.13,3794394.933
510300.SH,20240110,3.357,3.35,3.381,3.332,3.341,-0.016,-0.4766,9582540.57,3211385.597
510300.SH,20240111,3.341,3.341,3.38,3.334,3.36,0.019,0.5687,12662371.58,4254642.486
510300.SH,20240112,3.36,3.351,3.377,3.346,3.349,-0.011,-0.3274,8413272.73,2826380.699
510300.SH,20240115,3.349,3.33,3.375,3.324,3.345,-0.004,-0.1194,9055706.2,3030920.178
510300.SH,20240116,3.345,3.34,3.368,3.326,3.367,0.022,0.6577,17689523.52,5925099.758
510300.SH,20240117,3.367,3.357,3.357,3.29,3.292,-0.075,-2.2275,12862151.82,4278633.103
510300.SH,20240118,3.223,3.218,3.275,3.166,3.268,0.045,1.3962,47543511.34,15257021.704
510300.SH,20240119,3.268,3.249,3.285,3.242,3.275,0.007,0.2142,36944521.24,12079016.731
510300.SH,20240122,3.275,3.265,3.275,3.193,3.206,-0.069,-2.1069,46470564.67,15113081.733
510300.SH,20240123,3.206,3.199,3.247,3.186,3.228,0.022,0.6862,13924803.72,4481443.569
510300.SH,20240124,3.228,3.239,3.28,3.188,3.279,0.051,1.5799,22789368.53,7373901.841
510300.SH,20240125,3.279,3.27,3.34,3.261,3.335,0.056,1.7078,16487014.09,5449682.868
510300.SH,20240126,3.335,3.328,3.35,3.312,3.329,-0.006,-0.1799,21833051.24,7273329.362
510300.SH,20240129,3.329,3.331,3.345,3.298,3.299,-0.03,-0.9012,10113930.3,3358335.864
510300.SH,20240130,3.299,3.281,3.298,3.241,3.243,-0.056,-1.6975,18892623.38,6186331.951
510300.SH,20240131,3.243,3.233,3.249,3.197,3.222,-0.021,-0.6475,19090997.0,6157214.385
510300.SH,20240201,3.222,3.2,3.248,3.19,3.218,-0.004,-0.1241,18909975.81,6091552.415
510300.SH,20240202,3.218,3.218,3.232,3.102,3.188,-0.03,-0.9323,25386942.15,8074716.502
510300.SH,20240205,3.188,3.158,3.234,3.111,3.208,0.02,0.6274,26601787.39,8439536.816
510300.SH,20240206,3.208,3.185,3.314,3.182,3.311,0.103,3.2107,20089181.68,6562526.022
510300.SH,20240207,3.311,3.31,3.342,3.287,3.34,0.029,0.8759,34658146.7,11514587.248
510300.SH,20240208,3.34,3.352,3.366,3.333,3.362,0.022,0.6587,23942619.79,8019665.628
510300.SH,20240219,3.362,3.374,3.392,3.355,3.389,0.027,0.8031,14861876.42,5016056.179
510300.SH,20240220,3.389,3.383,3.405,3.372,3.401,0.012,0.3541,9801668.18,3322077.448
510300.SH,20240221,3.401,3.388,3.496,3.382,3.449,0.048,1.4113,16009580.5,5528334.98
510300.SH,20240222,3.449,3.447,3.477,3.441,3.475,0.026,0.7538,9446351.29,3270537.309
510300.SH,20240223,3.475,3.475,3.497,3.464,3.478,0.003,0.0863,10908773.84,3794512.188
510300.SH,20240226,3.478,3.476,3.482,3.437,3.443,-0.035,-1.0063,11172368.48,3865703.825
510300.SH,20240227,3.443,3.435,3.486,3.433,3.484,0.041,1.1908,10468849.14,3620336.718
510300.SH,20240228,3.484,3.487,3.514,3.446,3.448,-0.036,-1.0333,28549978.84,9926190.298
510300.SH,20240229,3.448,3.44,3.507,3.437,3.503,0.055,1.5951,14835850.3,5163736.038
510300.SH,20240301,3.503,3.501,3.54,3.495,3.53,0.027,0.7708,12256393.13,4311480.716
510300.SH,20240304,3.53,3.526,3.537,3.508,3.527,-0.003,-0.085,10146549.93,3576642.516
510300.SH,20240305,3.527,3.515,3.566,3.508,3.556,0.029,0.8222,27991018.7,9924986.737
510300.SH,20240306,3.556,3.551,3.572,3.538,3.542,-0.014,-0.3937,12995274.25,4612496.593
510300.SH,20240307,3.542,3.541,3.56,3.515,3.523,-0.019,-0.5364,10589480.04,3740550.493
510300.SH,20240308,3.523,3.525,3.54,3.504,3.533,0.01,0.2838,8621876.98,3038389.403
510300.SH,20240311,3.533,3.531,3.584,3.53,3.581,0.048,1.3586,11207615.15,3980306.236
510300.SH,20240312,3.581,3.583,3.599,3.568,3.586,0.005,0.1396,11058395.72,3962320.648
510300.SH,20240313,3.586,3.585,3.585,3.555,3.565,-0.021,-0.5856,6858705.58,2448621.615
510300.SH,20240314,3.565,3.56,3.587,3.535,3.552,-0.013,-0.3647,7018811.48,2499760.281
510300.SH,20240315,3.552,3.542,3.566,3.522,3.561,0.009,0.2534,8490237.9,3005272.035
510300.SH,20240318,3.561,3.561,3.593,3.561,3.592,0.031,0.8705,7873329.32,2817049.387
510300.SH,20240319,3.592,3.586,3.6,3.565,3.569,-0.023,-0.6403,6548752.08,2344663.833
510300.SH,20240320,3.569,3.561,3.582,3.558,3.572,0.003,0.0841,5379620.49,1920793.104
510300.SH,20240321,3.572,3.58,3.594,3.565,3.57,-0.002,-0.056,6197332.07,2218906.08
510300.SH,20240322,3.57,3.567,3.568,3.512,3.539,-0.031,-0.8683,14506377.54,5127448.694
510300.SH,20240325,3.539,3.53,3.555,3.517,3.52,-0.019,-0.5369,6305426.64,2227919.111
510300.SH,20240326,3.52,3.52,3.538,3.512,3.531,0.011,0.3125,8791032.83,3098650.769
510300.SH,20240327,3.531,3.526,3.532,3.492,3.493,-0.038,-1.0762,8746474.52,3074186.8
510300.SH,20240328,3.493,3.491,3.544,3.481,3.51,0.017,0.4867,10319250.94,3626832.966
510300.SH,20240329,3.51,3.507,3.53,3.505,3.526,0.016,0.4558,6511958.99,2290152.714
510300.SH,20240401,3.526,3.54,3.594,3.539,3.584,0.058,1.6449,10932625.35,3911633.845
510300.SH,20240402,3.584,3.583,3.587,3.561,3.572,-0.012,-0.3348,5831913.82,2083908.476
510300.SH,20240403,3.572,3.57,3.572,3.548,3.558,-0.014,-0.3919,5983464.1,2129802.753
510300.SH,20240408,3.558,3.55,3.556,3.524,3.529,-0.029,-0.8151,7099486.68,2511699.15
510300.SH,20240409,3.529,3.527,3.534,3.512,3.523,-0.006,-0.17,5345371.35,1882130.476
510300.SH,20240410,3.523,3.524,3.524,3.48,3.497,-0.026,-0.738,6816711.42,2385834.189
510300.SH,20240411,3.497,3.481,3.513,3.475,3.494,-0.003,-0.0858,5391158.71,1884073.688
510300.SH,20240412,3.494,3.494,3.505,3.457,3.466,-0.028,-0.8014,7405129.12,2575786.145
510300.SH,20240415,3.466,3.466,3.545,3.464,3.539,0.073,2.1062,10999537.3,3869936.517
510300.SH,20240416,3.539,3.524,3.535,3.491,3.507,-0.032,-0.9042,9132298.47,3210005.558
510300.SH,20240417,3.507,3.507,3.557,3.491,3.553,0.046,1.3117,9964664.34,3514407.052
510300.SH,20240418,3.553,3.544,3.594,3.541,3.559,0.006,0.1689,9302192.67,3319194.193
510300.SH,20240419,3.559,3.545,3.554,3.518,3.531,-0.028,-0.7867,6442757.41,2277856.492
510300.SH,20240422,3.531,3.53,3.552,3.518,3.524,-0.007,-0.1982,7251823.62,2562064.527
510300.SH,20240423,3.524,3.524,3.53,3.493,3.499,-0.025,-0.7094,9428474.3,3302843.911
510300.SH,20240424,3.499,3.505,3.517,3.489,3.513,0.014,0.4001,5942319.08,2081789.894
510300.SH,20240425,3.513,3.503,3.537,3.495,3.523,0.01,0.2847,6647552.14,2337486.533
510300.SH,20240426,3.523,3.524,3.581,3.524,3.573,0.05,1.4192,13743139.59,4889467.155
510300.SH,20240429,3.573,3.577,3.638,3.572,3.616,0.043,1.2035,15303224.26,5523568.416
510300.SH,20240430,3.616,3.615,3.624,3.596,3.598,-0.018,-0.4978,8231090.14,2971763.282
510300.SH,20240506,3.598,3.64,3.664,3.635,3.648,0.05,1.3897,13090610.67,4778963.455
510300.SH,20240507,3.648,3.645,3.656,3.637,3.65,0.002,0.0548,6860183.59,2503006.857
510300.SH,20240508,3.65,3.643,3.644,3.618,3.621,-0.029,-0.7945,6387758.58,2318202.807
510300.SH,20240509,3.621,3.62,3.662,3.619,3.656,0.035,0.9666,6502023.24,2372500.248
510300.SH,20240510,3.656,3.663,3.67,3.631,3.658,0.002,0.0547,8650954.0,3157134.93
510300.SH,20240513,3.658,3.637,3.666,3.619,3.655,-0.003,-0.082,7411594.42,2701728.525
510300.SH,20240514,3.655,3.655,3.67,3.638,3.649,-0.006,-0.1642,5876668.0,2144402.883
510300.SH,20240515,3.649,3.647,3.651,3.617,3.623,-0.026,-0.7125,8559462.84,3109209.781
510300.SH,20240516,3.623,3.63,3.651,3.621,3.635,0.012,0.3312,10511975.27,3822598.483
510300.SH,20240517,3.635,3.635,3.679,3.623,3.676,0.041,1.1279,9320469.31,3401620.1
510300.SH,20240520,3.676,3.682,3.7,3.67,3.684,0.008,0.2176,9365358.96,3450627.455
510300.SH,20240521,3.684,3.679,3.683,3.66,3.672,-0.012,-0.3257,4969838.82,1824951.018
510300.SH,20240522,3.672,3.67,3.689,3.663,3.68,0.008,0.2179,6766845.56,2488949.571
510300.SH,20240523,3.68,3.671,3.674,3.631,3.643,-0.037,-1.0054,6988060.53,2548466.424
510300.SH,20240524,3.643,3.632,3.65,3.598,3.602,-0.041,-1.1254,8412742.0,3048259.226
510300.SH,20240527,3.602,3.605,3.634,3.601,3.632,0.03,0.8329,6696224.87,2421614.804
510300.SH,20240528,3.632,3.631,3.633,3.602,3.609,-0.023,-0.6333,5317531.98,1923959.394
510300.SH,20240529,3.609,3.608,3.633,3.601,3.61,0.001,0.0277,6152450.82,2225724.205
510300.SH,20240530,3.61,3.603,3.625,3.588,3.596,-0.014,-0.3878,7779253.03,2801007.806
510300.SH,20240531,3.596,3.602,3.616,3.58,3.582,-0.014,-0.3893,7232183.4,2602439.724
510300.SH,20240603,3.582,3.58,3.599,3.565,3.587,0.005,0.1396,7075115.9,2533469.501
510300.SH,20240604,3.587,3.585,3.624,3.579,3.612,0.025,0.697,6817379.02,2455442.42
510300.SH,20240605,3.612,3.613,3.622,3.597,3.599,-0.013,-0.3599,5839394.33,2108415.409
510300.SH,20240606,3.599,3.606,3.63,3.585,3.599,0.0,0.0,10266993.23,3703349.866
510300.SH,20240607,3.599,3.602,3.61,3.555,3.576,-0.023,-0.6391,10281271.09,3679748.332
510300.SH,20240611,3.576,3.567,3.569,3.533,3.551,-0.025,-0.6991,8799169.85,3120655.858
510300.SH,20240612,3.551,3.544,3.556,3.536,3.547,-0.004,-0.1126,5698353.11,2021361.645
510300.SH,20240613,3.547,3.555,3.558,3.525,3.534,-0.013,-0.3665,5488037.11,1942881.857
510300.SH,20240614,3.534,3.527,3.558,3.517,3.554,0.02,0.5659,6741039.54,2384388.229
510300.SH,20240617,3.554,3.537,3.553,3.532,3.544,-0.01,-0.2814,3930171.95,1393127.82
510300.SH,20240618,3.544,3.549,3.565,3.543,3.555,0.011,0.3104,5490352.0,1951607.303
510300.SH,20240619,3.555,3.557,3.561,3.54,3.545,-0.01,-0.2813,5308595.28,1883345.443
510300.SH,20240620,3.545,3.543,3.551,3.516,3.522,-0.023,-0.6488,5546557.8,1957492.953
510300.SH,20240621,3.522,3.517,3.525,3.493,3.516,-0.006,-0.1704,19658677.37,6909858.71
510300.SH,20240624,3.516,3.502,3.526,3.493,3.499,-0.017,-0.4835,20875455.29,7315197.212
510300.SH,20240625,3.499,3.495,3.504,3.459,3.478,-0.021,-0.6002,17384584.68,6057065.481
510300.SH,20240626,3.478,3.47,3.507,3.464,3.499,0.021,0.6038,10454895.22,3639499.501
510300.SH,20240627,3.499,3.49,3.496,3.474,3.48,-0.019,-0.543,14337049.42,4995169.625
510300.SH,20240628,3.48,3.474,3.511,3.473,3.487,0.007,0.2011,12755434.18,4457663.634
510300.SH,20240701,3.487,3.487,3.507,3.467,3.501,0.014,0.4015,8536040.2,2977313.191
510300.SH,20240702,3.501,3.494,3.511,3.489,3.496,-0.005,-0.1428,5992049.07,2097312.039
510300.SH,20240703,3.496,3.494,3.503,3.48,3.49,-0.006,-0.1716,7914240.29,2761083.445
510300.SH,20240704,3.49,3.493,3.509,3.473,3.475,-0.015,-0.4298,15599237.12,5436186.195
510300.SH,20240705,3.475,3.47,3.478,3.428,3.458,-0.017,-0.4892,16363845.01,5643439.643
510300.SH,20240708,3.458,3.451,3.458,3.426,3.434,-0.024,-0.694,9426255.16,3240708.452
510300.SH,20240709,3.434,3.429,3.484,3.418,3.471,0.037,1.0775,10688956.39,3689270.214
510300.SH,20240710,3.471,3.464,3.482,3.46,3.463,-0.008,-0.2305,5792821.0,2010659.819
510300.SH,20240711,3.463,3.49,3.519,3.477,3.509,0.046,1.3283,10524377.74,3685787.239
510300.SH,20240712,3.509,3.511,3.524,3.505,3.519,0.01,0.285,8723693.8,3066853.429
510300.SH,20240715,3.519,3.511,3.531,3.508,3.526,0.007,0.1989,12550082.24,4423002.98
510300.SH,20240716,3.526,3.52,3.555,3.517,3.551,0.025,0.709,16125086.98,5710212.236
510300.SH,20240717,3.551,3.549,3.57,3.54,3.556,0.005,0.1408,22565644.0,8028962.162
510300.SH,20240718,3.556,3.541,3.579,3.532,3.577,0.021,0.5906,19611815.0,6976289.739
510300.SH,20240719,3.577,3.565,3.606,3.552,3.6,0.023,0.643,31696626.02,11368072.27
510300.SH,20240722,3.6,3.595,3.598,3.551,3.571,-0.029,-0.8056,17163072.85,6131911.99
510300.SH,20240723,3.571,3.566,3.571,3.498,3.501,-0.07,-1.9602,9195337.0,3244779.189
510300.SH,20240724,3.501,3.495,3.509,3.466,3.479,-0.022,-0.6284,14910834.94,5196094.516
510300.SH,20240725,3.479,3.464,3.476,3.441,3.459,-0.02,-0.5749,20455525.35,7073298.526
510300.SH,20240726,3.459,3.46,3.483,3.452,3.474,0.015,0.4337,13579703.29,4708501.591
510300.SH,20240729,3.474,3.47,3.472,3.453,3.454,-0.02,-0.5757,5949376.0,2058113.23
510300.SH,20240730,3.454,3.446,3.446,3.417,3.431,-0.023,-0.6659,15250861.14,5228653.801
510300.SH,20240731,3.431,3.431,3.51,3.427,3.508,0.077,2.2442,15389083.2,5353003.146
510300.SH,20240801,3.508,3.502,3.515,3.481,3.483,-0.025,-0.7127,7965404.0,2783731.528
510300.SH,20240802,3.483,3.46,3.483,3.441,3.447,-0.036,-1.0336,12997733.0,4492045.041
510300.SH,20240805,3.447,3.431,3.474,3.407,3.408,-0.039,-1.1314,20183109.38,6920794.41
510300.SH,20240806,3.408,3.428,3.438,3.381,3.408,0.0,0.0,12936275.3,4403870.273
510300.SH,20240807,3.408,3.401,3.425,3.391,3.401,-0.007,-0.2054,6125437.96,2088374.404
510300.SH,20240808,3.401,3.396,3.429,3.383,3.405,0.004,0.1176,8541072.31,2910131.505
510300.SH,20240809,3.405,3.416,3.43,3.392,3.393,-0.012,-0.3524,6040535.82,2060032.809
510300.SH,20240812,3.393,3.391,3.402,3.383,3.389,-0.004,-0.1179,5102199.75,1730501.718
510300.SH,20240813,3.389,3.391,3.398,3.372,3.394,0.005,0.1475,6958063.0,2355493.509
510300.SH,20240814,3.394,3.395,3.395,3.369,3.37,-0.024,-0.7071,5610998.0,1895836.817
510300.SH,20240815,3.37,3.365,3.423,3.361,3.408,0.038,1.1276,19046381.08,6477429.75
510300.SH,20240816,3.408,3.404,3.422,3.398,3.41,0.002,0.0587,16407617.08,5598868.064
510300.SH,20240819,3.41,3.409,3.444,3.407,3.419,0.009,0.2639,7478253.18,2564014.063
510300.SH,20240820,3.419,3.424,3.426,3.388,3.403,-0.016,-0.468,15944748.48,5419638.977
510300.SH,20240821,3.403,3.391,3.406,3.374,3.388,-0.015,-0.4408,10553698.05,3580301.585
510300.SH,20240822,3.388,3.39,3.395,3.371,3.379,-0.009,-0.2656,12504794.15,4229630.78
510300.SH,20240823,3.379,3.371,3.405,3.371,3.393,0.014,0.4143,8203428.0,2781431.192
510300.SH,20240826,3.393,3.395,3.407,3.378,3.394,0.001,0.0295,14006799.14,4747763.549
510300.SH,20240827,3.394,3.387,3.39,3.367,3.377,-0.017,-0.5009,12142200.97,4098131.754
510300.SH,20240828,3.377,3.37,3.377,3.345,3.357,-0.02,-0.5922,19955802.76,6698906.857
510300.SH,20240829,3.357,3.349,3.362,3.34,3.347,-0.01,-0.2979,15082477.43,5052924.865
510300.SH,20240830,3.347,3.342,3.423,3.342,3.392,0.045,1.3445,17858998.11,6055678.708
510300.SH,20240902,3.392,3.381,3.383,3.33,3.332,-0.06,-1.7689,11333065.0,3798026.307
510300.SH,20240903,3.332,3.33,3.352,3.328,3.344,0.012,0.3601,12935523.08,4323110.376
510300.SH,20240904,3.344,3.331,3.343,3.321,3.323,-0.021,-0.628,6803058.0,2264442.533
510300.SH,20240905,3.323,3.326,3.34,3.32,3.33,0.007,0.2107,16005557.57,5326213.535
510300.SH,20240906,3.33,3.335,3.345,3.3,3.302,-0.028,-0.8408,7933157.0,2635539.673
510300.SH,20240909,3.302,3.292,3.296,3.25,3.261,-0.041,-1.2417,10188971.04,3333497.562
510300.SH,20240910,3.261,3.263,3.275,3.239,3.261,0.0,0.0,8666554.38,2821540.043
510300.SH,20240911,3.261,3.253,3.267,3.241,3.254,-0.007,-0.2147,7808901.93,2540394.225
510300.SH,20240912,3.254,3.259,3.272,3.241,3.243,-0.011,-0.338,6423793.17,2090444.738
510300.SH,20240913,3.243,3.245,3.257,3.227,3.228,-0.015,-0.4625,8504680.92,2758508.174
510300.SH,20240918,3.228,3.227,3.251,3.215,3.238,0.01,0.3098,12254390.69,3961249.915
510300.SH,20240919,3.238,3.243,3.286,3.216,3.265,0.027,0.8338,16348870.21,5332278.336
510300.SH,20240920,3.265,3.258,3.279,3.239,3.274,0.009,0.2757,23065619.83,7514201.387
510300.SH,20240923,3.274,3.269,3.3,3.263,3.283,0.009,0.2749,8973165.34,2948484.47
510300.SH,20240924,3.283,3.314,3.429,3.293,3.427,0.144,4.3862,39185162.17,13212614.699
510300.SH,20240925,3.427,3.489,3.544,3.467,3.474,0.047,1.3715,32373469.37,11342949.01
510300.SH,20240926,3.474,3.468,3.643,3.467,3.64,0.166,4.7784,44429621.41,15792061.339
510300.SH,20240927,3.64,3.7,3.933,3.67,3.869,0.229,6.2912,25594611.61,9610052.344
510300.SH,20240930,3.869,4.007,4.24,3.876,4.233,0.364,9.4081,63702340.83,25799279.642
510300.SH,20241008,4.233,4.656,4.656,4.208,4.412,0.179,4.2287,86298224.38,38303717.305
510300.SH,20241009,4.412,4.285,4.285,4.005,4.022,-0.39,-8.8395,54091965.72,22450547.643
510300.SH,20241010,4.022,4.07,4.185,3.999,4.086,0.064,1.5912,37790000.75,15473060.494
510300.SH,20241011,4.086,4.057,4.06,3.923,3.977,-0.109,-2.6676,40900777.41,16347430.929
510300.SH,20241014,3.977,3.987,4.06,3.946,4.04,0.063,1.5841,31049317.45,12444027.076
510300.SH,20241015,4.04,4.014,4.046,3.927,3.931,-0.109,-2.698,26138707.43,10426846.503
510300.SH,20241016,3.931,3.891,3.96,3.882,3.906,-0.025,-0.636,21611196.28,8450464.021
510300.SH,20241017,3.906,3.93,3.96,3.862,3.863,-0.043,-1.1009,29354356.21,11450617.81
510300.SH,20241018,3.863,3.858,4.118,3.846,4.016,0.153,3.9607,36209178.93,14349439.594
510300.SH,20241021,4.016,4.017,4.06,3.98,4.016,0.0,0.0,25293363.95,10167737.315
510300.SH,20241022,4.016,4.002,4.046,4.001,4.04,0.024,0.5976,16669244.99,6711416.525
510300.SH,20241023,4.04,4.04,4.097,4.021,4.055,0.015,0.3713,22666292.09,9196021.921
510300.SH,20241024,4.055,4.038,4.042,3.993,4.011,-0.044,-1.0851,15982487.21,6418011.399
510300.SH,20241025,4.011,4.012,4.078,4.003,4.04,0.029,0.723,16852658.2,6801807.389
510300.SH,20241028,4.04,4.035,4.047,4.0,4.046,0.006,0.1485,13963081.41,5622580.497
510300.SH,20241029,4.046,4.05,4.079,4.003,4.013,-0.033,-0.8156,17946281.59,7237339.621
510300.SH,20241030,4.013,4.001,4.011,3.945,3.971,-0.042,-1.0466,18128591.09,7210707.53
510300.SH,20241031,3.971,3.969,4.007,3.938,3.971,0.0,0.0,17636492.56,7004839.523
510300.SH,20241101,3.971,3.964,4.018,3.961,3.979,0.008,0.2015,18177560.19,7259471.612
510300.SH,20241104,3.979,3.982,4.034,3.971,4.032,0.053,1.332,12493143.86,4997179.234
510300.SH,20241105,4.032,4.024,4.139,4.01,4.137,0.105,2.6042,27630144.44,11308231.751
510300.SH,20241106,4.137,4.137,4.18,4.085,4.111,-0.026,-0.6285,21734247.6,8976072.158
510300.SH,20241107,4.111,4.08,4.25,4.076,4.248,0.137,3.3325,27887189.24,11598082.835
510300.SH,20241108,4.248,4.282,4.29,4.178,4.194,-0.054,-1.2712,28080231.6,11867165.449
510300.SH,20241111,4.194,4.152,4.219,4.13,4.215,0.021,0.5007,23043651.36,9617369.865
510300.SH,20241112,4.215,4.21,4.268,4.145,4.169,-0.046,-1.0913,23041667.76,9698713.979
510300.SH,20241113,4.169,4.15,4.206,4.146,4.195,0.026,0.6237,15727943.47,6569000.903
510300.SH,20241114,4.195,4.188,4.203,4.117,4.124,-0.071,-1.6925,14438852.6,6015521.584
510300.SH,20241115,4.124,4.114,4.134,4.05,4.055,-0.069,-1.6731,16769935.42,6875318.302
510300.SH,20241118,4.055,4.071,4.118,4.013,4.038,-0.017,-0.4192,16100925.84,6552723.785
510300.SH,20241119,4.038,4.04,4.061,3.981,4.058,0.02,0.4953,16705449.2,6731130.787
510300.SH,20241120,4.058,4.046,4.085,4.038,4.068,0.01,0.2464,15485304.34,6285302.021
510300.SH,20241121,4.068,4.06,4.082,4.048,4.073,0.005,0.1229,10454706.81,4249179.703
510300.SH,20241122,4.073,4.071,4.074,3.946,3.953,-0.12,-2.9462,17571912.5,7058103.342
510300.SH,20241125,3.953,3.955,3.972,3.894,3.931,-0.022,-0.5565,13590857.69,5349569.691
510300.SH,20241126,3.931,3.914,3.956,3.913,3.923,-0.008,-0.2035,7847078.86,3086739.74
510300.SH,20241127,3.923,3.916,3.992,3.901,3.987,0.064,1.6314,14519873.66,5739351.636
510300.SH,20241128,3.987,3.984,3.989,3.948,3.958,-0.029,-0.7274,10724072.89,4256335.685
510300.SH,20241129,3.958,3.96,4.047,3.957,4.001,0.043,1.0864,15297716.04,6126864.756
510300.SH,20241202,4.001,3.997,4.043,3.987,4.031,0.03,0.7498,9816347.81,3948066.718
510300.SH,20241203,4.031,4.03,4.052,4.005,4.035,0.004,0.0992,15244237.07,6140454.912
510300.SH,20241204,4.035,4.03,4.041,4.003,4.014,-0.021,-0.5204,10069479.18,4047901.833
510300.SH,20241205,4.014,4.006,4.022,3.994,4.007,-0.007,-0.1744,7595229.18,3042872.203
510300.SH,20241206,4.007,4.007,4.085,4.006,4.057,0.05,1.2478,17762293.82,7198784.38
510300.SH,20241209,4.057,4.054,4.08,4.03,4.054,-0.003,-0.0739,12464186.85,5050072.365
510300.SH,20241210,4.054,4.179,4.198,4.073,4.085,0.031,0.7647,24827953.11,10257484.391
510300.SH,20241211,4.085,4.078,4.094,4.065,4.075,-0.01,-0.2448,12587159.73,5136178.221
510300.SH,20241212,4.075,4.077,4.122,4.066,4.117,0.042,1.0307,13601804.33,5577925.837
510300.SH,20241213,4.117,4.092,4.092,4.012,4.02,-0.097,-2.3561,23465697.29,9490500.688
510300.SH,20241216,4.02,4.018,4.021,3.986,3.996,-0.024,-0.597,9893230.74,3956401.792
510300.SH,20241217,3.996,3.993,4.043,3.991,4.007,0.011,0.2753,13646692.28,5482919.074
510300.SH,20241218,4.007,4.02,4.039,4.015,4.024,0.017,0.4243,10236096.17,4121893.615
510300.SH,20241219,4.024,4.0,4.038,3.981,4.03,0.006,0.1491,9903622.11,3977931.242
510300.SH,20241220,4.03,4.024,4.045,4.012,4.018,-0.012,-0.2978,12230619.86,4921231.692
510300.SH,20241223,4.018,4.017,4.053,4.015,4.022,0.004,0.0996,14247022.0,5749434.77
510300.SH,20241224,4.022,4.024,4.076,4.022,4.069,0.047,1.1686,14563434.27,5907574.012
510300.SH,20241225,4.069,4.072,4.094,4.054,4.072,0.003,0.0737,14181375.0,5775975.676
510300.SH,20241226,4.072,4.072,4.079,4.056,4.073,0.001,0.0246,9470234.02,3855435.79
510300.SH,20241227,4.073,4.076,4.099,4.061,4.067,-0.006,-0.1473,10869639.1,4428609.591
510300.SH,20241230,4.067,4.066,4.093,4.065,4.086,0.019,0.4672,13119334.62,5359063.002
510300.SH,20241231,4.086,4.087,4.094,4.02,4.022,-0.064,-1.5663,18436187.88,7479851.076
