datetime,open,high,low,close,volume,Market Cap
2018/2/20,11231.8,11958.5,11231.8,11403.7,9926.54,189536000000.00
2018/2/19,10552.6,11273.8,10513.2,11225.3,7652.09,178055000000.00
2018/2/18,11123.4,11349.8,10326,10551.8,8744.01,187663000000.00
2018/2/17,10207.5,11139.5,10149.4,11112.7,8660.88,172191000000.00
2018/2/16,10135.7,10324.1,9824.82,10233.9,7296.16,170960000000.00
2018/2/15,9488.32,10234.8,9395.58,10166.4,9062.54,160025000000.00
2018/2/14,8599.92,9518.54,8599.92,9494.63,7909.82,145023000000.00
2018/2/13,8926.72,8958.47,8455.41,8598.31,5696.72,150516000000.00
2018/2/12,8141.43,8985.92,8141.43,8926.57,6256.44,137258000000.00
2018/2/11,8616.13,8616.13,7931.1,8129.97,6122.19,145245000000.00
2018/2/10,8720.08,9122.55,8295.47,8621.9,7780.96,146981000000.00
2018/2/9,8271.84,8736.98,7884.71,8736.98,6784.82,139412000000.00
2018/2/8,7637.86,8558.77,7637.86,8265.59,9346.75,128714000000.00
2018/2/7,7755.49,8509.11,7236.79,7621.3,9169.28,130683000000.00
2018/2/6,7051.75,7850.7,6048.26,7754,13999.8,118810000000.00
2018/2/5,8270.54,8364.84,6756.68,6955.27,9285.29,139325000000.00
2018/2/4,9175.7,9334.87,8031.22,8277.01,7073.55,154553000000.00
2018/2/3,8852.12,9430.75,8251.63,9174.91,7263.79,149085000000.00
2018/2/2,9142.28,9142.28,7796.49,8830.75,12726.9,153953000000.00
2018/2/1,10237.3,10288.8,8812.28,9170.54,9959.4,172372000000.00
2018/1/31,10108.2,10381.6,9777.42,10221.1,8041.16,170183000000.00
2018/1/30,11306.8,11307.2,10036.2,10106.3,8637.86,190339000000.00
2018/1/29,11755.5,11875.6,11179.2,11296.4,7107.36,197871000000.00
2018/1/28,11475.3,12040.3,11475.3,11786.3,8350.36,193133000000.00
2018/1/27,11174.9,11614.9,10989.2,11440.7,7583.27,188054000000.00
2018/1/26,11256,11656.7,10470.3,11171.4,9746.2,189398000000.00
2018/1/25,11421.7,11785.7,11057.4,11259.4,8873.17,192163000000.00
2018/1/24,10903.4,11501.4,10639.8,11359.4,9940.99,183419000000.00
2018/1/23,10944.5,11377.6,10129.7,10868.4,9660.61,184087000000.00
2018/1/22,11633.1,11966.4,10240.2,10931.4,10537.4,195645000000.00
2018/1/21,12889.2,12895.9,11288.2,11600.1,9935.18,216740000000.00
2018/1/20,11656.2,13103,11656.2,12899.2,11801.7,195979000000.00
2018/1/19,11429.8,11992.8,11172.1,11607.4,10740.4,192150000000.00
2018/1/18,11198.8,12107.3,10942.5,11474.9,15020.4,188242000000.00
2018/1/17,11431.1,11678,9402.29,11188.6,18830.6,192123000000.00
2018/1/16,13836.1,13843.1,10194.9,11490.5,18853.8,232517000000.00
2018/1/15,13767.3,14445.5,13641.7,13819.8,12750.8,231334000000.00
2018/1/14,14370.8,14511.8,13268,13772,11084.1,241447000000.00
2018/1/13,13952.4,14659.5,13952.4,14360.2,12763.6,234391000000.00
2018/1/12,13453.9,14229.9,13158.1,13980.6,12065.7,225986000000.00
2018/1/11,14968.2,15018.8,13105.9,13405.8,16534.1,251387000000.00
2018/1/10,14588.5,14973.3,13691.2,14973.3,18500.8,244981000000.00
2018/1/9,15123.7,15497.5,14424,14595.4,16660,253935000000.00
2018/1/8,16476.2,16537.9,14208.2,15170.1,18413.9,276612000000.00
2018/1/7,17527.3,17579.6,16087.7,16477.6,15866,294222000000.00
2018/1/6,17462.1,17712.4,16764.6,17527,18314.6,293091000000.00
2018/1/5,15477.2,17705.2,15202.8,17429.5,23840.9,259748000000.00
2018/1/4,15270.7,15739.7,14522.2,15599.2,21783.2,256250000000.00
2018/1/3,14978.2,15572.8,14844.5,15201,16871.9,251312000000.00
2018/1/2,13625,15444.6,13163.6,14982.1,16846.6,228579000000.00
2018/1/1,14112.2,14112.2,13154.7,13657.2,10291.2,236725000000.00
2017/12/31,12897.7,14377.4,12755.6,14156.4,12136.3,216326000000.00
2017/12/30,14681.9,14681.9,12350.1,12952.2,14452.6,246224000000.00
2017/12/29,14695.8,15279,14307,14656.2,13025.5,246428000000.00
2017/12/28,15864.1,15888.4,13937.3,14606.5,12336.5,265988000000.00
2017/12/27,16163.5,16930.9,15114.3,15838.5,12487.6,270976000000.00
2017/12/26,14036.6,16461.2,14028.9,16099.8,13454.3,235294000000.00
2017/12/25,13995.9,14593,13448.9,14026.6,10664.7,234590000000.00
2017/12/24,14608.2,14626,12747.7,13925.8,11572.3,244824000000.00
2017/12/23,13948.7,15603.2,13828.8,14699.2,13086,233748000000.00
2017/12/22,15898,15943.4,11833,13831.8,22198,266381000000.00
2017/12/21,16642.4,17567.7,15342.7,15802.9,16516.6,278827000000.00
2017/12/20,17760.3,17934.7,16077.7,16624.6,22149.7,297526000000.00
2017/12/19,19118.3,19177.8,17275.4,17776.7,16894.5,320242000000.00
2017/12/18,19106.4,19371,18355.9,19114.2,14839.5,320000000000.00
2017/12/17,19475.8,20089,18974.1,19140.8,13314.6,326141000000.00
2017/12/16,17760.3,19716.7,17515.3,19497.4,12740.6,297376000000.00
2017/12/15,16601.3,18154.1,16601.3,17706.9,14310,277936000000.00
2017/12/14,16384.6,17085.8,16185.9,16564,13777.4,274269000000.00
2017/12/13,17500,17653.1,16039.7,16408.2,12976.9,292900000000.00
2017/12/12,16919.8,17781.8,16571.6,17415.4,14603.8,283155000000.00
2017/12/11,15427.4,17513.9,15404.8,16936.8,12153.9,258147000000.00
2017/12/10,15168.4,15850.6,13226.6,15455.4,13433.3,253782000000.00
2017/12/9,16523.3,16783,13674.9,15178.2,13911.3,276415000000.00
2017/12/8,17802.9,18353.4,14336.9,16569.4,21136,297787000000.00
2017/12/7,14266.1,17899.7,14057.3,17899.7,17950.7,238600000000.00
2017/12/6,11923.4,14369.1,11923.4,14291.5,12656.3,199390000000.00
2017/12/5,11685.7,12032,11604.6,11916.7,6895.26,195389000000.00
2017/12/4,11315.4,11657.2,11081.8,11657.2,6132.41,189172000000.00
2017/12/3,11082.7,11858.7,10862,11323.2,6608.31,185258000000.00
2017/12/2,10978.3,11320.2,10905.1,11074.6,5138.5,183490000000.00
2017/12/1,10198.6,11046.7,9694.65,10975.6,6783.12,170436000000.00
2017/11/30,9906.79,10801,9202.05,10233.6,8310.69,165537000000.00
2017/11/29,10077.4,11517.4,9601.03,9888.61,11568.8,168367000000.00
2017/11/28,9823.43,10125.7,9736.3,10058.8,6348.82,164104000000.00
2017/11/27,9352.72,9818.35,9352.72,9818.35,5653.32,156221000000.00
2017/11/26,8789.04,9522.93,8775.59,9330.55,5475.58,146789000000.00
2017/11/25,8241.71,8790.92,8191.15,8790.92,4342.06,137632000000.00
2017/11/24,8074.02,8374.16,7940.93,8253.69,5058.61,134816000000.00
2017/11/23,8232.38,8267.4,8038.77,8038.77,4225.18,137444000000.00
2017/11/22,8077.95,8302.26,8075.47,8253.55,3633.53,134851000000.00
2017/11/21,8205.74,8348.66,7762.71,8071.26,4277.61,136967000000.00
2017/11/20,8039.07,8336.86,7949.36,8200.64,3488.45,134167000000.00
2017/11/19,7766.03,8101.91,7694.1,8036.49,3149.32,129595000000.00
2017/11/18,7697.21,7884.99,7463.44,7790.15,3667.19,128425000000.00
2017/11/17,7853.57,8004.59,7561.09,7708.99,4651.67,131026000000.00
2017/11/16,7323.24,7967.38,7176.58,7871.69,5123.81,122164000000.00
2017/11/15,6634.76,7342.25,6634.76,7315.54,4200.88,110667000000.00
2017/11/14,6561.48,6764.98,6461.75,6635.75,3197.11,109434000000.00
2017/11/13,5938.25,6811.19,5844.29,6559.49,6263.25,99029000000
2017/11/12,6295.45,6625.05,5519.01,5950.07,8957.35,104980000000.00
2017/11/11,6618.61,6873.15,6204.22,6357.6,4908.68,110362000000.00
2017/11/10,7173.73,7312,6436.87,6618.14,5208.25,119607000000.00
2017/11/9,7446.83,7446.83,7101.52,7143.58,3226.25,124146000000.00
2017/11/8,7141.38,7776.42,7114.02,7459.69,4602.2,119041000000.00
2017/11/7,7023.1,7253.32,7023.1,7144.38,2326.34,117056000000.00
2017/11/6,7403.22,7445.77,7007.31,7022.76,3111.9,123379000000.00
2017/11/5,7404.52,7617.48,7333.19,7407.41,2380.41,123388000000.00
2017/11/4,7164.48,7492.86,7031.28,7379.95,2483.8,119376000000.00
2017/11/3,7087.53,7461.29,7002.94,7207.76,3369.86,118084000000.00
2017/11/2,6777.77,7367.33,6758.72,7078.5,4653.77,112910000000.00
2017/11/1,6440.97,6767.31,6377.88,6767.31,2870.32,107287000000.00
2017/10/31,6132.02,6470.43,6103.33,6468.4,2311.38,102130000000.00
2017/10/30,6114.85,6214.99,6040.85,6130.53,1772.15,101833000000.00
2017/10/29,5754.44,6255.71,5724.58,6153.85,2859.04,95819800000
2017/10/28,5787.82,5876.72,5689.19,5753.09,1403.92,96369600000
2017/10/27,5899.74,5988.39,5728.82,5780.9,1710.13,98225400000
2017/10/26,5747.95,5976.8,5721.22,5904.83,1905.04,95685100000
2017/10/25,5524.6,5754.33,5397.88,5750.8,1966.99,91954200000
2017/10/24,5935.52,5935.52,5504.18,5526.64,2735.7,98781600000
2017/10/23,6006,6075.59,5732.47,5930.32,2401.84,99941600000
2017/10/22,6036.66,6076.26,5792.34,6008.42,2034.63,100438000000.00
2017/10/21,5996.79,6194.88,5965.07,6031.6,2207.1,99763200000
2017/10/20,5708.11,6060.11,5627.23,6011.45,2354.43,94947900000
2017/10/19,5583.74,5744.35,5531.06,5708.52,1780.54,92867000000
2017/10/18,5603.82,5603.82,5151.44,5590.69,2399.27,93190200000
2017/10/17,5741.58,5800.35,5472.72,5605.51,1821.57,95469300000
2017/10/16,5687.57,5776.23,5544.21,5725.59,2008.07,94559000000
2017/10/15,5835.96,5852.48,5478.61,5678.19,1976.04,97011900000
2017/10/14,5643.53,5837.7,5591.64,5831.79,1669.03,93803000000
2017/10/13,5464.16,5840.3,5436.85,5647.21,3615.48,90812400000
2017/10/12,4829.58,5446.91,4822,5446.91,2791.61,80256700000
2017/10/11,4789.25,4873.73,4751.63,4826.48,1222.28,79578200000
2017/10/10,4776.21,4922.17,4765.1,4781.99,1597.14,79351800000
2017/10/9,4614.52,4878.71,4564.25,4772.02,1968.74,76656500000
2017/10/8,4429.67,4624.14,4405.64,4610.48,1313.87,73575400000
2017/10/7,4369.35,4443.88,4321.05,4426.89,906.928,72565100000
2017/10/6,4324.46,4413.27,4320.53,4370.81,1069.94,71810600000
2017/10/5,4229.88,4362.64,4164.05,4328.41,1161.77,70233700000
2017/10/4,4319.37,4352.31,4210.42,4229.36,1116.77,71712500000
2017/10/3,4408.46,4432.47,4258.89,4317.48,1288.02,73181300000
2017/10/2,4395.81,4470.23,4377.46,4409.32,1431.73,72963200000
2017/10/1,4341.05,4403.74,4269.81,4403.74,1208.21,72047300000
2017/9/30,4166.11,4358.43,4160.86,4338.71,1207.45,69136600000
2017/9/29,4171.62,4214.63,4039.29,4163.07,1367.05,69219200000
2017/9/28,4197.13,4279.31,4109.7,4174.73,1712.32,69633200000
2017/9/27,3892.94,4210.05,3884.82,4200.67,1686.88,64579200000
2017/9/26,3928.41,3969.89,3869.9,3892.35,1043.74,65161000000
2017/9/25,3681.58,3950.25,3681.58,3926.07,1374.21,61061100000
2017/9/24,3796.15,3796.15,3666.9,3682.84,768.015,62954300000
2017/9/23,3629.92,3819.21,3594.58,3792.4,928.114,60190000000
2017/9/22,3628.02,3758.27,3553.53,3630.7,1194.83,60152300000
2017/9/21,3901.47,3916.42,3613.63,3631.04,1411.48,64677600000
2017/9/20,3916.36,4031.39,3857.73,3905.95,1213.83,64918500000
2017/9/19,4073.79,4094.07,3868.87,3924.97,1563.98,67520300000
2017/9/18,3591.09,4079.23,3591.09,4065.2,1943.21,59514100000
2017/9/17,3606.28,3664.81,3445.64,3582.88,1239.15,59757800000
2017/9/16,3637.75,3808.84,3487.79,3625.04,1818.4,60271600000
2017/9/15,3166.3,3733.45,2946.62,3637.52,4148.07,52453500000
2017/9/14,3875.37,3920.6,3153.86,3154.95,2716.31,64191600000
2017/9/13,4131.98,4131.98,3789.92,3882.59,2219.41,68432200000
2017/9/12,4168.88,4344.65,4085.22,4130.81,1864.53,69033400000
2017/9/11,4122.47,4261.67,4099.4,4161.27,1557.33,68256000000
2017/9/10,4229.34,4245.44,3951.04,4122.94,1679.09,70018100000
2017/9/9,4229.81,4308.82,4114.11,4226.06,1386.23,70017200000
2017/9/8,4605.16,4661,4075.18,4228.75,2700.89,76220200000
2017/9/7,4589.14,4655.04,4491.33,4599.88,1844.62,75945000000
2017/9/6,4376.59,4617.25,4376.59,4597.12,2172.1,72418700000
2017/9/5,4228.29,4427.84,3998.11,4376.53,2697.97,69954400000
2017/9/4,4591.63,4591.63,4108.4,4236.31,2987.33,75955500000
2017/9/3,4585.27,4714.08,4417.59,4582.96,1933.19,75841700000
2017/9/2,4901.42,4975.04,4469.24,4578.77,2722.14,81060600000
2017/9/1,4701.76,4892.01,4678.53,4892.01,2599.08,77748400000
2017/8/31,4555.59,4736.05,4549.4,4703.39,1944.93,75322300000
2017/8/30,4570.36,4626.52,4471.41,4565.3,1937.85,75556600000
2017/8/29,4389.21,4625.68,4352.13,4579.02,2486.08,72553800000
2017/8/28,4384.45,4403.93,4224.64,4382.66,1959.33,72467900000
2017/8/27,4345.1,4416.59,4317.29,4382.88,1537.46,71809200000
2017/8/26,4372.06,4379.28,4269.52,4352.4,1511.61,72249100000
2017/8/25,4332.82,4455.7,4307.35,4371.6,1727.97,71595100000
2017/8/24,4137.6,4376.39,4130.26,4334.68,2037.75,68363900000
2017/8/23,4089.01,4255.78,4078.41,4151.52,2369.82,67553000000
2017/8/22,3998.35,4128.76,3674.58,4100.52,3764.24,66051000000
2017/8/21,4090.48,4109.14,3988.6,4001.74,2800.89,67567100000
2017/8/20,4189.31,4196.29,4069.88,4087.66,2109.77,69192700000
2017/8/19,4137.75,4243.26,3970.55,4193.7,2975.82,68333100000
2017/8/18,4324.34,4370.13,4015.4,4160.62,2941.71,71406500000
2017/8/17,4384.44,4484.7,4243.71,4331.69,2553.36,72389100000
2017/8/16,4200.34,4381.23,3994.42,4376.63,2272.04,69342700000
2017/8/15,4326.99,4455.97,3906.18,4181.93,3258.05,71425500000
2017/8/14,4066.1,4325.13,3989.16,4325.13,2463.09,67112300000
2017/8/13,3880.04,4208.39,3857.8,4073.26,3159.09,64034100000
2017/8/12,3650.63,3949.92,3613.7,3884.71,2219.59,60242100000
2017/8/11,3373.82,3679.72,3372.12,3650.62,2021.19,55668000000
2017/8/10,3341.84,3453.45,3319.47,3381.28,1515.11,55134700000
2017/8/9,3420.4,3422.76,3247.67,3342.47,1468.96,56424900000
2017/8/8,3370.22,3484.85,3345.83,3419.94,1752.76,55590300000
2017/8/7,3212.78,3397.68,3180.89,3378.94,1482.28,52987300000
2017/8/6,3257.61,3293.29,3155.6,3213.94,1105.03,53720900000
2017/8/5,2897.63,3290.01,2874.83,3252.91,1945.7,47778200000
2017/8/4,2806.93,2899.33,2743.72,2895.89,1002.12,46276200000
2017/8/3,2709.56,2813.31,2685.14,2804.73,804.797,44666400000
2017/8/2,2727.13,2762.53,2668.59,2710.67,1094.95,44950800000
2017/8/1,2871.3,2921.35,2685.61,2718.26,1324.67,47321800000
2017/7/31,2763.24,2889.62,2720.61,2875.34,860.575,45535800000
2017/7/30,2724.39,2758.53,2644.85,2757.18,705.943,44890700000
2017/7/29,2807.02,2808.76,2692.8,2726.45,803.746,46246700000
2017/7/28,2679.73,2897.45,2679.73,2809.01,1380.1,44144400000
2017/7/27,2538.71,2693.32,2529.34,2671.78,789.104,41816500000
2017/7/26,2577.77,2610.76,2450.8,2529.45,937.404,42455000000
2017/7/25,2757.5,2768.08,2480.96,2576.48,1460.09,45410100000
2017/7/24,2732.7,2777.26,2699.19,2754.86,866.474,44995600000
2017/7/23,2808.1,2832.18,2653.94,2730.4,1072.84,46231100000
2017/7/22,2668.63,2862.42,2657.71,2810.12,1177.13,43929600000
2017/7/21,2838.41,2838.41,2621.85,2667.76,1489.45,46719000000
2017/7/20,2269.89,2900.7,2269.89,2817.6,2249.26,37356800000
2017/7/19,2323.08,2397.17,2260.23,2273.43,1245.1,38227800000
2017/7/18,2233.52,2387.61,2164.77,2318.88,1512.45,36749400000
2017/7/17,1932.62,2230.49,1932.62,2228.41,1201.76,31795000000
2017/7/16,1991.98,2058.77,1843.03,1929.82,1182.87,32767600000
2017/7/15,2230.12,2231.14,1990.41,1998.86,993.608,36681300000
2017/7/14,2360.59,2363.25,2183.22,2233.34,882.503,38823100000
2017/7/13,2402.7,2425.22,2340.83,2357.9,835.77,39511000000
2017/7/12,2332.77,2423.71,2275.14,2398.84,1117.41,38355900000
2017/7/11,2385.89,2413.47,2296.81,2337.79,1329.76,39224200000
2017/7/10,2525.25,2537.16,2321.13,2372.56,1111.2,41509000000
2017/7/9,2572.61,2635.49,2517.59,2518.44,527.856,42283200000
2017/7/8,2520.27,2571.34,2492.31,2571.34,733.33,41417700000
2017/7/7,2608.59,2916.14,2498.87,2518.66,917.412,42864200000
2017/7/6,2608.1,2616.72,2581.69,2608.56,761.957,42851400000
2017/7/5,2602.87,2622.65,2538.55,2601.99,941.566,42760800000
2017/7/4,2561,2631.59,2559.35,2601.64,985.516,42067900000
2017/7/3,2498.56,2595,2480.47,2564.06,964.112,41037200000
2017/7/2,2436.4,2514.28,2394.84,2506.47,803.747,40010500000
2017/7/1,2492.6,2515.27,2419.23,2434.55,779.914,40928200000
2017/6/30,2539.24,2559.25,2478.43,2480.84,860.273,41689100000
2017/6/29,2567.56,2588.83,2510.48,2539.32,949.979,42150300000
2017/6/28,2553.03,2603.98,2484.42,2574.79,1183.87,41906700000
2017/6/27,2478.45,2552.45,2332.99,2552.45,1489.79,40677900000
2017/6/26,2590.57,2615.25,2376.29,2478.45,1663.28,42514000000
2017/6/25,2607.25,2682.26,2552.12,2589.41,1161.1,42783800000
2017/6/24,2738.52,2757.94,2583.19,2608.72,982.75,44932900000
2017/6/23,2707.34,2765.17,2706.37,2744.91,961.319,44415900000
2017/6/22,2691.03,2723.74,2642.36,2705.41,1097.94,44143700000
2017/6/21,2709.43,2772.01,2660.4,2689.1,1626.58,44440800000
2017/6/20,2591.26,2763.45,2589.82,2721.79,1854.19,42498000000
2017/6/19,2549.03,2662.85,2549.03,2589.6,1446.84,41800600000
2017/6/18,2655.35,2662.1,2516.33,2548.29,1178.66,43539300000
2017/6/17,2514.01,2685.19,2484.96,2655.88,1534.51,41217200000
2017/6/16,2469.57,2539.92,2385.15,2518.56,1195.19,40484100000
2017/6/15,2499.58,2534.71,2212.96,2464.58,2026.26,40971300000
2017/6/14,2716.88,2786.83,2412.94,2506.37,1696.56,44528300000
2017/6/13,2680.91,2789.04,2650.38,2717.02,1781.2,43934100000
2017/6/12,2953.22,2997.26,2518.56,2659.63,2569.53,48391200000
2017/6/11,2942.41,2996.6,2840.53,2958.11,1752.4,48208700000
2017/6/10,2828.14,2950.99,2746.55,2947.71,2018.89,46331400000
2017/6/9,2807.44,2901.71,2795.62,2823.81,1348.95,45987100000
2017/6/8,2720.49,2815.3,2670.95,2805.62,1281.17,44557100000
2017/6/7,2869.38,2869.38,2700.56,2732.16,1517.71,46989800000
2017/6/6,2690.84,2999.91,2690.84,2863.2,2089.61,44061000000
2017/6/5,2512.4,2686.81,2510.22,2686.81,1369.31,41133900000
2017/6/4,2547.79,2585.89,2452.54,2511.81,1355.12,41708200000
2017/6/3,2493.72,2581.91,2423.57,2515.35,1514.95,40817100000
2017/6/2,2404.03,2488.55,2373.32,2488.55,1317.03,39344600000
2017/6/1,2288.33,2448.39,2288.33,2407.88,1653.18,37446200000
2017/5/31,2187.19,2311.08,2145.57,2286.41,1544.83,35786700000
2017/5/30,2255.36,2301.96,2124.57,2175.47,1443.97,36897000000
2017/5/29,2159.43,2307.05,2107.17,2255.61,994.625,35323500000
2017/5/28,2054.08,2267.34,2054.08,2155.8,1147.14,33595900000
2017/5/27,2196.27,2260.2,1855.83,2038.87,1700.48,35917100000
2017/5/26,2320.89,2573.79,2071.99,2202.42,1763.48,37950600000
2017/5/25,2446.24,2763.71,2285.3,2304.98,2406.7,39995400000
2017/5/24,2321.37,2523.72,2321.37,2443.64,1725.38,37949200000
2017/5/23,2191.56,2320.82,2178.5,2320.42,1378.75,35822600000
2017/5/22,2043.19,2303.9,2017.87,2173.4,1942.22,33393600000
2017/5/21,2067.03,2119.08,2037.5,2041.2,1147.86,33779400000
2017/5/20,1984.24,2084.73,1974.92,2084.73,961.336,32422400000
2017/5/19,1897.37,2004.52,1890.25,1987.71,1157.29,30999000000
2017/5/18,1818.7,1904.48,1807.12,1888.65,894.321,29710500000
2017/5/17,1726.73,1864.05,1661.91,1839.09,1064.73,28204800000
2017/5/16,1741.7,1785.94,1686.54,1734.45,959.045,28446300000
2017/5/15,1808.44,1812.8,1708.54,1738.43,731.529,29532600000
2017/5/14,1800.86,1831.42,1776.62,1808.91,437.196,29405100000
2017/5/13,1723.12,1812.99,1651.08,1804.91,579.635,28132300000
2017/5/12,1845.76,1856.15,1694.01,1724.24,740.984,30131100000
2017/5/11,1780.37,1873.93,1755.35,1848.57,799.49,29060600000
2017/5/10,1756.52,1788.44,1719.1,1787.13,915.723,28668100000
2017/5/9,1723.89,1833.49,1716.3,1755.36,1167.92,28132200000
2017/5/8,1596.92,1723.35,1596.92,1723.35,1340.32,26056500000
2017/5/7,1579.47,1596.72,1559.76,1596.71,1080.03,25768500000
2017/5/6,1556.81,1578.8,1542.5,1578.8,582.53,25395600000
2017/5/5,1540.87,1618.03,1530.31,1555.45,946.036,25133100000
2017/5/4,1490.72,1608.91,1490.72,1537.67,933.549,24311900000
2017/5/3,1453.78,1492.77,1447.49,1490.09,583.796,23707100000
2017/5/2,1421.03,1473.9,1415.69,1452.82,477.338,23170200000
2017/5/1,1348.3,1434.32,1348.3,1421.6,713.624,21981800000
2017/4/30,1321.87,1347.91,1314.92,1347.89,413.115,21548400000
2017/4/29,1317.84,1327.2,1315.21,1321.79,422.706,21479800000
2017/4/28,1317.74,1331.28,1292.37,1316.48,527.489,21476000000
2017/4/27,1281.88,1319.7,1281.3,1317.73,449.197,20889200000
2017/4/26,1265.99,1294.83,1265.93,1281.08,329.631,20627900000
2017/4/25,1250.45,1267.58,1249.97,1265.49,242.556,20372300000
2017/4/24,1209.63,1250.94,1209.63,1250.15,235.806,19705400000
2017/4/23,1231.92,1232.2,1203.94,1207.21,258.951,20066200000
2017/4/22,1222.71,1235.56,1208.47,1231.71,249.32,19913900000
2017/4/21,1229.42,1235.94,1215.56,1222.05,272.167,20020700000
2017/4/20,1211.08,1240.79,1208.41,1229.08,315.108,19719900000
2017/4/19,1212.13,1215.51,1205.08,1210.29,288.061,19734800000
2017/4/18,1193.77,1217.57,1193.77,1211.67,270.524,19433800000
2017/4/17,1183.25,1194.9,1172.65,1193.91,253.206,19260500000
2017/4/16,1172.61,1187.22,1172.61,1182.94,183.231,19085100000
2017/4/15,1167.3,1188,1164.96,1172.52,203.559,18996500000
2017/4/14,1170.33,1190.8,1159.79,1167.54,254.827,19043800000
2017/4/13,1201.02,1205.89,1156.44,1169.28,351.969,19541300000
2017/4/12,1204.81,1207.14,1196.76,1200.37,288.702,19600800000
2017/4/11,1187.46,1208.07,1187.46,1205.01,216.182,19316000000
2017/4/10,1187.3,1190.34,1179.04,1187.13,215.883,19311200000
2017/4/9,1176.57,1197.21,1171.86,1187.87,242.343,19134400000
2017/4/8,1172.65,1184.98,1162.58,1175.95,209.312,19068600000
2017/4/7,1178.94,1186.58,1163.39,1176.9,317.022,19168500000
2017/4/6,1125.81,1188.37,1125.81,1182.68,511.222,18302600000
2017/4/5,1134.14,1135.09,1113.63,1124.78,414.784,18435700000
2017/4/4,1145.52,1156.44,1120.52,1133.25,436.31,18619000000
2017/4/3,1102.95,1151.74,1102.95,1143.81,580.444,17924600000
2017/4/2,1080.61,1107.59,1075.45,1102.17,514.187,17559400000
2017/4/1,1071.71,1091.72,1061.09,1080.5,289.634,17413000000
2017/3/31,1026.64,1074.92,1026.64,1071.79,447.287,16679000000
2017/3/30,1042.21,1049.29,1020.04,1026.43,352.969,16929800000
2017/3/29,1046.08,1055.13,1015.88,1039.97,298.458,16990900000
2017/3/28,1044.58,1064.65,1027.73,1047.15,326.332,16964500000
2017/3/27,972.05,1046.4,971.98,1045.77,372.535,15785000000
2017/3/26,974.01,1007.96,954.19,966.73,303.668,15814800000
2017/3/25,936.54,975.76,903.71,972.78,435.803,15204800000
2017/3/24,1038.45,1040.47,934.36,937.52,491.038,16857000000
2017/3/23,1050.05,1058.01,1028.93,1038.59,248.54,17043400000
2017/3/22,1120.65,1120.65,1014.21,1049.14,380.841,18187100000
2017/3/21,1055.36,1122.43,1055.36,1120.54,337.391,17125600000
2017/3/20,1037.24,1063.03,1036.68,1054.23,286.53,16829800000
2017/3/19,976.73,1069.91,976.73,1036.74,406.648,15846000000
2017/3/18,1099.69,1114.07,957.65,973.82,621.302,17838700000
2017/3/17,1180.16,1180.16,1099.57,1100.23,706.599,19141800000
2017/3/16,1251.33,1257.98,1152.44,1187.81,638.568,20293700000
2017/3/15,1240.16,1251.61,1239.75,1249.61,297.805,20110400000
2017/3/14,1232.16,1244.81,1220.72,1240,245.306,19978200000
2017/3/13,1221.78,1237.37,1217.03,1231.92,380.277,19807700000
2017/3/12,1176.62,1226.98,1175.36,1221.38,227.176,19073300000
2017/3/11,1116.32,1193.83,1116.32,1175.83,283.32,18093700000
2017/3/10,1189.36,1270.47,1077.25,1116.72,563.796,19275300000
2017/3/9,1150.35,1197.46,1141.23,1188.49,212.283,18640900000
2017/3/8,1223.23,1232.16,1148.08,1150,332.603,19819800000
2017/3/7,1273.21,1275.55,1204.8,1223.54,291.256,20627100000
2017/3/6,1267.47,1276,1264.6,1272.83,153.657,20531900000
2017/3/5,1254.29,1267.29,1238.06,1267.12,134.127,20316000000
2017/3/4,1277.43,1279.4,1230.51,1255.15,183.27,20688800000
2017/3/3,1250.71,1280.31,1250.71,1274.99,315.739,20253700000
2017/3/2,1224.68,1262.13,1215.62,1251.01,368.275,19829800000
2017/3/1,1180.04,1222.5,1179.69,1222.5,229.057,19104800000
2017/2/28,1180.72,1193.25,1171.82,1179.97,184.956,19113600000
2017/2/27,1163.78,1181.98,1163.38,1179.97,131.57,18837300000
2017/2/26,1144.27,1167.47,1130.2,1165.2,116.486,18518900000
2017/2/25,1170.41,1174.85,1124.59,1143.84,139.961,18939500000
2017/2/24,1172.71,1200.39,1131.96,1173.68,330.759,18974400000
2017/2/23,1117.27,1176.62,1116.96,1166.72,189.454,18075200000
2017/2/22,1114.8,1125.39,1100.55,1117.44,136.1,18033400000
2017/2/21,1079.28,1117.25,1076.93,1115.3,186.869,17456900000
2017/2/20,1048.69,1080.49,1041.69,1079.98,109.478,16960200000
2017/2/19,1054.76,1056.81,1043.46,1047.87,77.4233,17056600000
2017/2/18,1049.21,1061.1,1046.96,1054.42,99.0735,16964800000
2017/2/17,1026.12,1053.17,1025.64,1046.21,136.474,16589600000
2017/2/16,1007.65,1033.37,1007.65,1027.44,122.277,16289100000
2017/2/15,1006.21,1008.84,1001.58,1007.48,89.7594,16264100000
2017/2/14,991.74,1011.51,986.47,1004.55,137.946,16028000000
2017/2/13,998.88,1002.1,976,990.64,100.607,16141500000
2017/2/12,1003.52,1004.76,996.92,999.18,67.53,16214700000
2017/2/11,988.9,1009.29,982.83,1004.45,102.261,15976700000
2017/2/10,995.63,998.9,946.69,988.67,190.452,16083600000
2017/2/9,1064.7,1088.99,953.34,994.38,407.22,17197100000
2017/2/8,1062.32,1078.97,1037.49,1063.07,201.855,17156700000
2017/2/7,1040.14,1061.93,1040.14,1061.35,146.007,16796600000
2017/2/6,1028.4,1044.64,1028.16,1038.15,111.762,16605400000
2017/2/5,1043.52,1043.63,1022.37,1027.34,114.208,16847400000
2017/2/4,1031.33,1045.9,1015.16,1042.9,155.064,16648800000
2017/2/3,1011.46,1033.87,1008.79,1029.91,201.278,16326100000
2017/2/2,990,1013.52,983.22,1011.8,145.821,15977800000
2017/2/1,970.94,989.11,970.74,989.02,150.11,15667900000
2017/1/31,920.96,972.02,920.96,970.4,164.582,14859700000
2017/1/30,920.15,923.05,919.47,920.38,78.2273,14844900000
2017/1/29,922.07,923.42,919.15,919.5,60.8517,14874000000
2017/1/28,919.81,923.91,919.81,921.59,68.9796,14835800000
2017/1/27,918.36,923.22,915.85,919.75,125.594,14810400000
2017/1/26,902.39,919.33,902.22,917.59,131.958,14551200000
2017/1/25,891.92,903.25,891.69,901.54,120.831,14380700000
2017/1/24,910.68,924.14,892.29,892.69,111.349,14681400000
2017/1/23,925.5,928.27,916.74,921.01,73.5886,14918800000
2017/1/22,922.21,937.52,897.56,924.67,116.573,14863600000
2017/1/21,895.55,927.37,895.53,921.79,111.158,14432000000
2017/1/20,898.17,899.4,887.01,895.03,86.7284,14472100000
2017/1/19,888.34,904.61,884.34,899.07,105.625,14311700000
2017/1/18,909.37,917.5,858.3,886.62,225.677,14648900000
2017/1/17,830.95,910.56,830.8,907.94,155.095,13383900000
2017/1/16,821.78,834.53,820.27,831.53,82.7552,13234600000
2017/1/15,818.14,823.31,812.87,821.8,71.0136,13174300000
2017/1/14,825.14,835.09,812.46,818.41,93.0633,13285200000
2017/1/13,803.74,829,780,823.98,168.968,12939100000
2017/1/12,775.18,826.25,755.76,804.83,222.326,12477600000
2017/1/11,908.12,919.45,762.76,777.76,310.929,14615700000
2017/1/10,902.44,914.87,901.06,907.68,115.808,14522600000
2017/1/9,913.24,913.69,879.81,902.83,141.877,14694900000
2017/1/8,908.17,942.72,887.25,911.2,158.715,14611400000
2017/1/7,903.49,908.59,823.56,908.59,279.55,14534400000
2017/1/6,1014.24,1046.81,883.94,902.2,351.876,16314100000
2017/1/5,1156.73,1191.1,910.42,1013.38,510.199,18604000000
2017/1/4,1044.4,1159.42,1044.4,1154.73,344.946,16795400000
2017/1/3,1021.6,1044.08,1021.6,1043.84,185.168,16426600000
2017/1/2,998.62,1031.39,996.7,1021.75,222.185,16055100000
2017/1/1,963.66,1003.08,958.7,998.33,147.775,15491200000
2016/12/31,960.63,963.74,947.24,963.74,99.1351,15440700000
2016/12/30,972.53,972.53,934.83,961.24,187.474,15630200000
2016/12/29,975.13,979.4,954.5,973.5,199.32,15670000000
2016/12/28,934.83,975.92,934.83,975.92,236.63,15020500000
2016/12/27,908.35,940.05,904.25,933.2,167.308,14593300000
2016/12/26,896.9,913.18,896.9,907.61,123.771,14407800000
2016/12/25,899.65,899.65,862.42,896.18,143.665,14450100000
2016/12/24,922.18,923.48,886.34,898.82,137.727,14810300000
2016/12/23,864.89,925.12,864.68,921.98,275.564,13888600000
2016/12/22,834.18,875.78,834.15,864.54,200.027,13393800000
2016/12/21,800.64,834.28,799.4,834.28,155.576,12853700000
2016/12/20,792.25,801.34,791.5,800.88,99.6293,12717600000
2016/12/19,790.69,793.61,790.32,792.71,74.8864,12691100000
2016/12/18,791.01,794.74,788.03,790.53,60.5244,12694800000
2016/12/17,785.17,792.51,784.86,790.83,78.9898,12599600000
2016/12/16,778.96,785.03,778.96,784.91,83.6082,12498800000
2016/12/15,780.07,781.43,777.8,778.09,81.5801,12511700000
2016/12/14,780,782.03,776.84,781.48,75.979,12512900000
2016/12/13,780.65,788.46,777.96,780.56,81.6456,12521500000
2016/12/12,770.04,781.92,770.04,780.09,76.571,12349800000
2016/12/11,774.75,774.8,765.41,769.73,57.3134,12423600000
2016/12/10,773.02,777.09,772.91,774.65,53.8431,12394500000
2016/12/9,769.94,774.53,769.65,772.79,68.7053,12344000000
2016/12/8,768.08,774.7,765.95,770.81,80.1119,12312500000
2016/12/7,764.21,771.54,759.75,768.13,96.4261,12248900000
2016/12/6,758.72,765.62,758.72,764.22,116.218,12159400000
2016/12/5,773.39,773.47,751.71,758.7,106.363,12393100000
2016/12/4,771.64,773.87,768.16,773.87,60.5579,12363600000
2016/12/3,778.25,778.25,764.86,771.15,69.5473,12467800000
2016/12/2,757.54,781.3,757.54,777.94,127.605,12134800000
2016/12/1,746.05,758.27,746.05,756.77,80.4619,11949200000
2016/11/30,736.28,747.93,736.26,745.69,84.0708,11791600000
2016/11/29,736.33,737.47,734.56,735.6,68.5111,11790900000
2016/11/28,732.48,738.01,732.48,735.81,61.8886,11727800000
2016/11/27,735.44,739.02,731.09,732.03,52.6018,11773800000
2016/11/26,741.51,742.21,729.63,735.38,54.9627,11869600000
2016/11/25,740.44,741.65,734.59,741.65,67.8076,11851100000
2016/11/24,744.62,746.83,733.49,740.29,85.9193,11916500000
2016/11/23,751.74,752.25,738.92,744.59,76.5438,12029000000
2016/11/22,739.64,753.87,736.53,751.35,129.906,11834200000
2016/11/21,731.26,741.72,730.51,739.25,60.8024,11698900000
2016/11/20,751.88,755.48,717.94,731.03,154.116,12027500000
2016/11/19,751.83,756.24,744.47,751.62,110.608,12025400000
2016/11/18,740.71,752.88,736.89,751.59,87.3631,11846000000
2016/11/17,744.88,755.64,739.51,740.98,108.579,11911300000
2016/11/16,711.17,747.62,709.04,744.2,141.294,11370700000
2016/11/15,705.79,715.72,705.26,711.62,72.0385,11283400000
2016/11/14,702,706.28,699.81,705.02,62.993,11214600000
2016/11/13,705.2,705.26,687.32,702.03,80.3181,11264500000
2016/11/12,716.75,717.15,704.03,705.05,64.6225,11447700000
2016/11/11,715.55,718.32,714.41,716.41,63.1197,11427200000
2016/11/10,722.84,723.02,711.21,715.53,68.8078,11542100000
2016/11/9,709.83,740.05,708.61,723.27,132.429,11333000000
2016/11/8,703.09,712.99,702.39,709.85,79.6608,11224000000
2016/11/7,710.74,710.74,699.9,703.13,65.0471,11344800000
2016/11/6,703.81,714.26,699.56,711.52,59.9022,11233000000
2016/11/5,703.52,707.51,697.74,703.42,53.7523,11227200000
2016/11/4,689.12,706.93,685.56,703.24,99.9077,10996400000
2016/11/3,742.35,745.77,678.16,688.7,172.808,11844300000
2016/11/2,730.07,740.83,722.35,740.83,84.8652,11647200000
2016/11/1,701.34,736.45,701.34,729.79,130.527,11187700000
2016/10/31,702.64,709.29,691.68,700.97,97.0644,11207200000
2016/10/30,714.12,714.12,696.48,701.86,100.665,11388800000
2016/10/29,690.29,720.4,690.05,714.48,134.761,11007600000
2016/10/28,688,690.44,684.16,689.65,81.1455,10969800000
2016/10/27,678.21,688.59,678.04,688.31,96.1053,10812500000
2016/10/26,657.68,679.73,657.68,678.3,88.8771,10484000000
2016/10/25,654,664.42,653.7,657.59,90.3788,10424300000
2016/10/24,657.16,657.25,652.6,653.76,62.2182,10473500000
2016/10/23,657.62,661.13,653.89,657.07,54.4746,10479700000
2016/10/22,633.14,658.2,632.85,657.29,78.5565,10088400000
2016/10/21,630.83,634.09,630.69,632.83,55.951,10050300000
2016/10/20,630.66,631.92,628.26,630.86,56.9573,10046700000
2016/10/19,638.13,638.87,628.01,630.52,69.3817,10164800000
2016/10/18,639.41,640.74,636,637.96,65.5467,10184000000
2016/10/17,641.82,642.33,638.66,639.19,58.0636,10221300000
2016/10/16,639.08,642.9,638.9,641.63,40.2981,10176800000
2016/10/15,640.31,642.1,637.39,638.65,39.0354,10195200000
2016/10/14,637.01,641.28,637.01,640.38,58.1446,10141600000
2016/10/13,636.03,638.83,635.03,636.79,61.6207,10125100000
2016/10/12,640.87,641.34,635.97,636.19,92.3702,10201000000
2016/10/11,619.24,642.08,618.5,641.07,103.59,9855650000
2016/10/10,616.82,621.32,616.2,618.99,67.4811,9816270000
2016/10/9,619.17,619.2,616.61,616.75,39.2434,9852480000
2016/10/8,617.34,619.85,617.34,619.11,42.3459,9822100000
2016/10/7,612.61,617.91,611.82,617.12,64.0714,9745740000
2016/10/6,612.47,613.82,611.47,613.02,56.8121,9742370000
2016/10/5,610.22,613.81,609.62,612.51,68.0775,9705320000
2016/10/4,612.05,612.05,609.48,610.2,49.8016,9733330000
2016/10/3,610.97,612.57,610.46,612.13,46.7983,9714980000
2016/10/2,613.95,614,609.68,610.89,39.2498,9761330000
2016/10/1,609.93,615.24,609.93,613.98,56.357,9696280000
2016/9/30,605.72,609.74,604.14,609.74,56.1224,9628250000
2016/9/29,605.02,606.82,604.85,605.69,55.6586,9616160000
2016/9/28,606.24,606.59,604.61,604.73,48.7226,9634530000
2016/9/27,608.02,608.25,604.11,606.17,49.4224,9661590000
2016/9/26,600.81,608.14,600.35,608.04,59.1538,9545830000
2016/9/25,602.75,603.38,599.71,600.83,33.9778,9575360000
2016/9/24,602.96,604.58,602.04,602.63,35.3595,9577520000
2016/9/23,596.2,603.21,595.79,602.84,51.067,9469130000
2016/9/22,597.28,598.49,596.21,596.3,67.0853,9485280000
2016/9/21,603.59,603.59,595.88,597.15,82.7762,9584260000
2016/9/20,609.25,609.52,607.94,608.31,72.7109,9673140000
2016/9/19,609.87,610.93,608.27,609.23,54.7964,9681960000
2016/9/18,606.28,610.16,605.86,609.87,48.6794,9623950000
2016/9/17,607.22,607.86,605.19,605.98,37.1403,9637600000
2016/9/16,607.25,609.26,606.74,606.97,64.9634,9637020000
2016/9/15,610.59,611.09,607.15,607.15,59.4646,9688940000
2016/9/14,608.84,611.95,608.41,610.68,47.8777,9660080000
2016/9/13,608.02,611.19,606.92,609.24,86.9206,9645930000
2016/9/12,607,608.46,605.41,608.24,72.8123,9628560000
2016/9/11,623.42,628.82,600.51,606.72,73.6108,9887780000
2016/9/10,622.93,625.1,622.39,623.51,45.0168,9878730000
2016/9/9,626.35,626.83,620.26,622.86,64.5502,9931980000
2016/9/8,614.63,628.77,613.84,626.32,86.713,9745120000
2016/9/7,610.57,614.54,608.51,614.54,75.0324,9679610000
2016/9/6,606.51,610.83,605.09,610.44,78.5291,9614140000
2016/9/5,608.99,609.05,602.24,606.59,82.4468,9652490000
2016/9/4,598.59,611.84,596.85,608.63,97.9429,9486370000
2016/9/3,575.55,599.5,574.06,598.21,159.014,9120440000
2016/9/2,572.41,575.64,570.81,575.54,79.9108,9069550000
2016/9/1,575.55,576.31,571.81,572.3,76.9234,9118280000
2016/8/31,577.59,577.86,573.64,575.47,75.8409,9149730000
2016/8/30,574.11,578.36,574.11,577.5,70.3424,9093530000
2016/8/29,574.07,576.28,573.47,574.11,110.398,9091830000
2016/8/28,569.83,574.04,569.74,573.91,86.3016,9023610000
2016/8/27,579.45,579.85,568.63,569.95,59.6983,9174990000
2016/8/26,577.75,580.62,576.86,579.65,48.8568,9147170000
2016/8/25,580.18,580.45,575.17,577.76,136.13,9184700000
2016/8/24,583.41,583.59,579.86,580.18,56.3282,9234800000
2016/8/23,586.77,589.47,581.63,583.41,85.3492,9286930000
2016/8/22,581.31,588.45,580.59,586.75,72.844,9199410000
2016/8/21,581.94,584.16,580.22,581.31,38.2994,9208210000
2016/8/20,576.08,582.82,575.46,581.7,45.3014,9114500000
2016/8/19,574.34,578.24,574.18,575.63,50.6316,9085820000
2016/8/18,573.71,577.79,573.43,574.32,59.8966,9074760000
2016/8/17,577.76,580.89,571.43,573.22,54.443,9138030000
2016/8/16,567.24,581.74,566.72,577.44,58.4052,8970770000
2016/8/15,570.49,573.58,563.24,567.24,57.2623,9021180000
2016/8/14,585.59,585.67,564.78,570.47,60.8511,9258730000
2016/8/13,587.36,589.77,584.98,585.59,43.563,9285530000
2016/8/12,588.8,589.91,583.81,587.56,69.218,9307250000
2016/8/11,592.12,597.54,589.12,589.12,74.5144,9358770000
2016/8/10,587.65,599.98,586.37,592.1,102.905,9286960000
2016/8/9,591.04,591.09,584.79,587.8,92.2281,9339660000
2016/8/8,592.74,592.99,588.05,591.05,61.1941,9365440000
2016/8/7,587.77,597.51,586.82,592.69,82.3984,9285940000
2016/8/6,575.03,588.4,569.47,587.78,80.7973,9083510000
2016/8/5,578.28,578.28,569.98,575.04,66.1279,9133690000
2016/8/4,566.33,579.5,565.78,578.29,125.292,8943870000
2016/8/3,548.66,573.36,541.55,566.36,207.982,8663670000
2016/8/2,606.4,612.85,531.33,547.47,330.933,9574320000
2016/8/1,624.6,626.12,605.88,606.27,121.887,9860620000
2016/7/31,655.1,655.28,624.37,624.68,110.818,10340900000
2016/7/30,657.01,658.22,654.21,655.05,38.4561,10370100000
2016/7/29,655.11,657.8,654.79,656.99,60.7035,10338900000
2016/7/28,654.49,657.6,654.49,655.03,86.4284,10328100000
2016/7/27,651.63,657.46,648.45,654.35,147.461,10281900000
2016/7/26,654.23,656.23,645.88,651.78,225.135,10321900000
2016/7/25,661.26,661.83,653.39,654.1,78.1765,10431900000
2016/7/24,655.41,663.11,652.79,661.28,118.184,10338600000
2016/7/23,650.73,656.37,648.52,655.56,69.5322,10263700000
2016/7/22,664.92,666.58,646.72,650.62,134.169,10486600000
2016/7/21,665.23,666.22,660.41,665.01,60.4918,10490300000
2016/7/20,672.81,672.93,663.36,665.68,94.6364,10608600000
2016/7/19,672.74,673.28,667.63,672.86,61.2033,10606500000
2016/7/18,679.81,681.55,668.63,673.11,69.465,10716800000
2016/7/17,661.99,682.37,661.99,679.46,74.4079,10434700000
2016/7/16,663.78,666.46,659.33,660.77,50.3302,10461700000
2016/7/15,659.17,667.08,659.04,663.25,81.6731,10387900000
2016/7/14,652.92,662.9,652.92,658.08,98.5114,10288400000
2016/7/13,664.8,668.7,654.47,654.47,131.449,10474500000
2016/7/12,648.28,675.26,646.78,664.55,138.173,10213100000
2016/7/11,648.48,659.63,644.98,647.66,107.91,10215200000
2016/7/10,650.6,652.29,641.26,649.36,102.532,10247300000
2016/7/9,666.38,666.38,633.4,650.96,180.536,10493800000
2016/7/8,640.69,666.71,636.47,666.52,141.97,10086900000
2016/7/7,678.09,682.43,611.83,640.56,258.091,10673400000
2016/7/6,670.42,681.9,670.42,677.33,134.961,10550300000
2016/7/5,683.21,683.49,665.07,670.63,130.476,10749100000
2016/7/4,658.8,683.66,650.51,683.66,92.0084,10362700000
2016/7/3,704.97,704.97,649.01,658.66,129.512,11086100000
2016/7/2,676.73,703.7,676.4,703.7,112.354,10639600000
2016/7/1,672.51,686.15,669.59,676.3,134.431,10570600000
2016/6/30,640.59,675.4,636.61,673.34,138.98,10066400000
2016/6/29,644.12,644.68,628.28,639.89,142.456,10119600000
2016/6/28,658.1,659.25,637.77,647,138.385,10336800000
2016/6/27,629.35,655.27,620.52,655.27,122.134,9882840000
2016/6/26,665.93,665.98,616.93,629.37,109.225,10454900000
2016/6/25,665.28,691.73,646.56,665.12,126.656,10442000000
2016/6/24,625.58,681.73,625.27,665.3,224.317,9816730000
2016/6/23,597.44,629.33,558.14,623.98,253.462,9373190000
2016/6/22,665.91,678.67,587.48,596.12,266.393,10445300000
2016/6/21,735.88,735.88,639.07,666.65,309.944,11540000000
2016/6/20,763.93,764.08,732.73,737.23,174.511,11976700000
2016/6/19,756.69,766.62,745.63,763.78,136.185,11859800000
2016/6/18,748.76,777.99,733.93,756.23,252.718,11732600000
2016/6/17,768.49,775.36,716.56,748.91,363.321,12038900000
2016/6/16,696.52,773.72,696.52,766.31,271.634,10908900000
2016/6/15,685.68,696.3,672.56,694.47,99.2238,10736600000
2016/6/14,704.5,704.5,662.8,685.56,186.694,11028900000
2016/6/13,671.65,716,664.49,704.38,243.295,10511900000
2016/6/12,609.68,684.84,607.04,672.78,277.085,9539850000
2016/6/11,578.67,607.12,578.67,606.73,82.357,9052360000
2016/6/10,575.84,579.13,573.33,577.47,66.9919,9005920000
2016/6/9,582.2,582.2,570.95,574.63,71.301,9103080000
2016/6/8,577.17,582.84,573.13,581.64,80.2658,9022250000
2016/6/7,585.45,590.26,567.51,576.6,107.77,9149580000
2016/6/6,574.6,586.47,574.6,585.54,72.1389,8977700000
2016/6/5,573.31,582.81,569.18,574.98,68.8741,8955060000
2016/6/4,569.71,590.13,564.24,572.73,94.9253,8897080000
2016/6/3,537.68,574.64,536.92,569.19,122.02,8395070000
2016/6/2,536.51,540.35,533.08,537.97,60.3782,8375000000
2016/6/1,531.11,543.08,525.64,536.92,86.0618,8288680000
2016/5/31,534.19,546.62,520.66,531.39,138.45,8335100000
2016/5/30,528.47,544.35,522.96,533.86,87.9587,8243960000
2016/5/29,527.48,553.96,512.18,526.23,148.737,8226500000
2016/5/28,473.03,533.47,472.7,530.04,181.199,7375780000
2016/5/27,453.52,478.15,453.52,473.46,164.781,7070010000
2016/5/26,449.67,453.64,447.9,453.38,65.2038,7008500000
2016/5/25,446.06,450.3,446.06,449.6,65.231,6950690000
2016/5/24,444.29,447.1,443.93,445.98,65.7831,6921460000
2016/5/23,439.35,444.35,438.82,444.15,50.5825,6842470000
2016/5/22,443.22,443.43,439.04,439.32,39.6576,6900700000
2016/5/21,442.97,443.78,441.71,443.19,42.7623,6895230000
2016/5/20,437.79,444.05,437.39,442.68,81.9879,6813080000
2016/5/19,454.52,454.63,438.71,438.71,96.0274,7072090000
2016/5/18,453.69,456,453.3,454.62,86.8501,7057390000
2016/5/17,454.01,455.07,453.61,453.78,64.1003,7060730000
2016/5/16,457.59,458.2,452.94,454.16,59.1715,7114740000
2016/5/15,455.76,458.69,455.46,457.57,28.514,7084760000
2016/5/14,455.82,456.84,454.79,455.67,37.209,7084100000
2016/5/13,454.85,457.06,453.45,455.67,60.845,7067270000
2016/5/12,452.45,454.95,449.25,454.77,59.8493,7028330000
2016/5/11,450.86,454.58,450.86,452.73,50.6052,7002230000
2016/5/10,460.52,461.93,448.95,450.89,58.9561,7150370000
2016/5/9,458.21,462.48,456.53,460.48,55.4931,7112510000
2016/5/8,458.43,459.42,455.98,458.55,40.315,7114060000
2016/5/7,459.64,460.68,457.32,458.54,38.3645,7131120000
2016/5/6,447.94,461.38,447.07,459.6,72.7968,6947800000
2016/5/5,446.71,448.51,445.88,447.98,50.4408,6926990000
2016/5/4,450.18,450.38,445.63,446.72,50.4073,6978950000
2016/5/3,444.73,451.1,442.62,450.3,59.3664,6892690000
2016/5/2,451.93,452.44,441.78,444.67,92.127,7002610000
2016/5/1,448.48,452.48,447.93,451.88,40.6601,6947430000
2016/4/30,455.18,455.59,447.7,448.32,69.3226,7049460000
2016/4/29,449.41,455.38,446.02,455.1,49.2585,6958330000
2016/4/28,445.04,449.55,436.65,449.01,74.0647,6889170000
2016/4/27,466.26,467.08,444.13,444.69,93.5649,7216190000
2016/4/26,461.65,467.96,461.62,466.09,78.9719,7143060000
2016/4/25,459.12,466.62,453.59,461.43,87.0918,7102490000
2016/4/24,450.56,460.15,448.93,458.56,68.1984,6968570000
2016/4/23,445.86,450.28,444.33,450.28,50.4854,6894280000
2016/4/22,449.69,449.81,444.15,445.74,58.8044,6951860000
2016/4/21,441.42,450.55,440.95,449.43,68.2047,6822320000
2016/4/20,435.32,443.05,434.41,441.39,72.8901,6726370000
2016/4/19,428.7,436.02,428.1,435.51,52.8105,6622450000
2016/4/18,427.61,429.27,427.09,428.59,55.6709,6604150000
2016/4/17,430.64,431.37,426.08,427.4,52.1259,6649170000
2016/4/16,429.57,432.63,428.98,430.57,39.3928,6631310000
2016/4/15,424.43,429.93,424.43,429.71,54.8015,6550350000
2016/4/14,423.94,425.37,423.01,424.28,45.281,6541030000
2016/4/13,425.63,426.66,422.92,423.73,69.0604,6565470000
2016/4/12,422.84,427.28,422.84,425.19,70.7288,6520870000
2016/4/11,421.87,422.74,420.53,422.48,50.7475,6504290000
2016/4/10,419.59,422.44,419.26,421.56,73.4786,6467330000
2016/4/9,420.81,420.89,416.51,419.41,49.7927,6484410000
2016/4/8,422.91,425.36,419.63,420.35,63.4547,6515190000
2016/4/7,423.62,423.66,420.52,422.75,57.8586,6524680000
2016/4/6,424.28,424.53,422.73,423.41,59.091,6533260000
2016/4/5,421.02,424.26,420.61,424.03,60.718,6481350000
2016/4/4,421.3,422.34,419.6,421.44,50.6343,6483910000
2016/4/3,421.17,421.58,419.7,420.9,38.0537,6480470000
2016/4/2,418.42,422.08,418.42,420.87,45.6812,6436700000
2016/4/1,416.76,418.17,415.83,417.96,51.2357,6409540000
2016/3/31,415.26,418.37,415.26,416.73,60.2152,6385140000
2016/3/30,416.83,416.83,412.5,414.82,66.0341,6407840000
2016/3/29,424.3,426.2,412.68,416.52,75.4115,6521010000
2016/3/28,426.55,426.86,423.29,424.23,68.5228,6553700000
2016/3/27,418.14,428.8,417.71,426.76,71.2294,6423040000
2016/3/26,417.37,418.99,416.26,417.94,44.6504,6409500000
2016/3/25,416.51,418.08,415.56,417.18,52.56,6394850000
2016/3/24,418.42,418.68,415.49,416.39,68.3467,6422730000
2016/3/23,418.16,419.27,417.36,418.04,61.4442,6417130000
2016/3/22,413.13,418.38,412.53,418.09,66.8133,6338430000
2016/3/21,413.42,413.42,410.38,413.31,61.6554,6341380000
2016/3/20,410.4,414.63,410.4,413.75,45.9479,6293610000
2016/3/19,409.26,410.98,407.23,410.44,58.423,6274790000
2016/3/18,420.55,420.55,406.14,409.55,104.94,6446330000
2016/3/17,417.89,421,417.89,420.62,83.5286,6404130000
2016/3/16,416.89,417.69,415.91,417.01,65.1858,6387190000
2016/3/15,416.39,418.13,414.99,416.83,66.7817,6377870000
2016/3/14,414.2,416.68,414.2,416.44,95.2594,6342780000
2016/3/13,411.65,416.6,411.64,414.06,74.3228,6302330000
2016/3/12,421.61,421.8,410.09,411.62,92.7129,6453260000
2016/3/11,417.24,423.93,417.01,421.69,73.9697,6384740000
2016/3/10,414.74,417.51,413.25,417.13,81.0229,6344960000
2016/3/9,413.89,416.03,411.61,414.86,70.0123,6330230000
2016/3/8,414.46,416.24,411.09,413.97,70.3117,6337370000
2016/3/7,407.76,415.92,406.31,414.32,85.7624,6233430000
2016/3/6,400.52,411.91,395.78,407.71,91.2125,6121400000
2016/3/5,410.78,411.26,394.04,400.57,135.385,6276610000
2016/3/4,421.84,425.18,410.94,410.94,90.8561,6443890000
2016/3/3,423.91,425.37,419.41,421.65,100.484,6474150000
2016/3/2,435.13,435.92,423.99,423.99,74.9553,6643810000
2016/3/1,437.92,439.65,432.32,435.12,74.8958,6684800000
2016/2/29,433.44,441.51,431.69,437.7,60.6947,6614980000
2016/2/28,432.57,435.68,423.82,433.5,53.0334,6600310000
2016/2/27,432.84,434.23,428.1,432.52,41.8936,6602810000
2016/2/26,424.63,432.15,421.62,432.15,61.486,6476080000
2016/2/25,425.04,427.72,420.42,424.54,70.798,6480650000
2016/2/24,420.96,425.55,413.91,424.95,67.7437,6417190000
2016/2/23,438.25,439.86,417.82,420.74,85.2449,6679400000
2016/2/22,438.99,439.05,432.92,437.75,85.3852,6689200000
2016/2/21,437.77,448.05,429.08,438.8,89.8207,6669260000
2016/2/20,421.6,441.98,421.6,437.16,93.9921,6421310000
2016/2/19,422.73,423.1,417.6,420.79,55.7113,6436980000
2016/2/18,416.57,426,415.64,422.37,76.7526,6341430000
2016/2/17,407.66,421.17,406.78,416.32,83.1936,6204150000
2016/2/16,401.43,408.94,401.43,407.49,73.0931,6108040000
2016/2/15,407.57,410.38,397.75,400.19,74.0705,6199850000
2016/2/14,392.93,407.23,392.93,407.23,74.4698,5975580000
2016/2/13,384.64,391.86,384.64,391.86,61.9117,5847990000
2016/2/12,379.69,384.95,379.6,384.26,67.0428,5771040000
2016/2/11,382.11,383.13,376.4,379.65,74.3756,5806110000
2016/2/10,376.15,385.48,375.78,381.65,85.1309,5713880000
2016/2/9,373.42,377.25,372.9,376.03,55.3185,5670880000
2016/2/8,376.76,379.88,373.33,373.45,47.6711,5720100000
2016/2/7,376.51,380.87,374.9,376.62,37.0763,5714760000
2016/2/6,386.59,386.63,372.39,376.52,49.2493,5865740000
2016/2/5,388.9,391.09,385.57,386.55,43.825,5898960000
2016/2/4,370.17,391.61,369.99,389.59,69.2855,5613380000
2016/2/3,374.65,374.95,368.05,369.95,45.9334,5679530000
2016/2/2,372.92,375.88,372.92,374.45,40.3787,5651690000
2016/2/1,369.35,378.07,367.96,373.06,51.6567,5596090000
2016/1/31,378.29,380.35,367.83,368.77,37.8943,5729870000
2016/1/30,378.87,380.92,376.49,378.25,30.2844,5736760000
2016/1/29,380.11,384.38,365.45,379.47,86.1253,5753970000
2016/1/28,395.15,395.5,379.74,380.29,59.2479,5980180000
2016/1/27,392.44,396.84,391.78,394.97,47.4244,5937780000
2016/1/26,392,397.77,390.57,392.15,58.147,5929520000
2016/1/25,402.32,402.32,388.55,391.73,59.0624,6083900000
2016/1/24,388.1,405.49,387.51,402.97,54.8248,5867300000
2016/1/23,382.43,394.54,381.98,387.49,56.2474,5779890000
2016/1/22,409.75,410.41,375.28,382.49,91.5466,6190940000
2016/1/21,419.63,422.88,406.3,410.26,68.338,6338800000
2016/1/20,379.74,425.27,376.6,420.23,121.72,5734760000
2016/1/19,387.03,387.73,378.97,380.15,46.8198,5843510000
2016/1/18,381.73,388.1,376.67,387.17,54.4039,5761940000
2016/1/17,387.15,390.96,380.09,382.3,45.3196,5842270000
2016/1/16,365.07,390.56,354.91,387.54,120.352,5507790000
2016/1/15,430.25,430.25,364.33,364.33,153.351,6489870000
2016/1/14,432.29,433.32,427.85,430.31,43.9455,6519110000
2016/1/13,434.67,435.19,424.44,432.37,173.888,6553350000
2016/1/12,448.18,448.18,435.69,435.69,115.607,6755220000
2016/1/11,448.7,450.66,443.86,448.43,40.45,6761090000
2016/1/10,448.24,448.31,440.35,447.99,35.9959,6752210000
2016/1/9,453.38,454.64,446.89,447.61,32.278,6828000000
2016/1/8,457.54,462.93,447.94,453.23,56.993,6888600000
2016/1/7,430.01,458.77,429.08,458.05,87.5622,6472580000
2016/1/6,431.86,431.86,426.34,429.11,34.0425,6498830000
2016/1/5,433.07,434.18,429.68,431.96,34.5226,6515380000
2016/1/4,430.06,434.52,429.08,433.09,38.4775,6468180000
2016/1/3,433.58,433.74,424.71,430.01,39.6338,6519500000
2016/1/2,434.62,436.06,431.87,433.44,30.0966,6533630000
2016/1/1,430.72,436.25,427.51,434.33,36.2789,6473530000
2015/12/31,425.88,432.92,418.74,430.57,45.9966,6399190000
2015/12/30,433.3,434.39,422.08,426.62,46.8894,6508960000
2015/12/29,422.1,432.98,420.63,432.98,51.5965,6339010000
2015/12/28,423.34,429.77,418.48,422.28,49.6386,6356100000
2015/12/27,416.51,424.01,408.88,422.82,53.5912,6251440000
2015/12/26,455.76,457.49,405.76,417.27,116.166,6838480000
2015/12/25,454.86,458.31,452.07,455.65,39.0785,6823120000
2015/12/24,443.09,458.46,443.08,454.99,57.1572,6645120000
2015/12/23,436.72,444.53,436.62,442.4,47.1614,6547850000
2015/12/22,437.44,443.69,435.52,436.57,50.8404,6556960000
2015/12/21,442.84,444.73,427.31,438.64,77.6397,6636280000
2015/12/20,462.23,462.64,434.34,442.69,75.4094,6925030000
2015/12/19,463.55,465.58,456.76,462.32,47.8927,6942950000
2015/12/18,455.85,465.18,454.94,463.62,60.2201,6825640000
2015/12/17,454.78,457.86,448.86,456.08,47.9784,6807850000
2015/12/16,465.21,465.21,443.85,454.93,107.944,6962090000
2015/12/15,443.88,465.32,443.88,465.32,83.1211,6640850000
2015/12/14,433.27,447.14,430.46,444.18,130.496,6480070000
2015/12/13,431.66,441.68,426.27,433.75,55.0506,6454430000
2015/12/12,452.33,469.1,410.74,435,131.969,6761730000
2015/12/11,415.28,451.94,415.28,451.94,110.944,6206150000
2015/12/10,417.99,419.51,411.55,415.48,52.1389,6244360000
2015/12/9,414.44,423.12,406.29,417.56,90.9172,6189620000
2015/12/8,395.75,415.56,389.95,415.56,57.8014,5908810000
2015/12/7,389.98,399.97,385.41,395.54,63.4558,5821140000
2015/12/6,389.56,402.81,387.09,388.78,77.762,5813290000
2015/12/5,363.72,389.79,363.23,388.95,66.2822,5426180000
2015/12/4,361.26,363.52,355.76,363.18,35.7841,5388110000
2015/12/3,359.33,370.27,357.41,361.05,50.7149,5358040000
2015/12/2,361.85,362.23,349.46,359.19,54.1605,5394070000
2015/12/1,377.41,378.93,356.56,362.49,60.4522,5624580000
2015/11/30,371.44,382.36,370.38,377.32,71.7016,5534000000
2015/11/29,357.47,371.94,355.67,371.29,40.4093,5324610000
2015/11/28,357.14,359.54,352.17,357.38,36.8166,5318300000
2015/11/27,351.86,363.59,347.87,358.04,55.1791,5238500000
2015/11/26,328.3,366.76,328.23,352.68,106.105,4886330000
2015/11/25,320.05,329.13,316.77,328.21,41.6669,4762230000
2015/11/24,323.01,323.06,318.12,320.05,29.3626,4805160000
2015/11/23,324.35,325.12,321.29,323.05,27.4789,4823700000
2015/11/22,326.98,327.01,321.26,324.54,23.4394,4861340000
2015/11/21,322.09,328.16,319.6,326.93,28.2005,4787340000
2015/11/20,326.41,326.47,312.22,322.02,53.1529,4850170000
2015/11/19,334.68,335.33,325.27,326.15,45.0111,4971880000
2015/11/18,334.59,336.53,330.64,334.59,43.7838,4969330000
2015/11/17,330.36,338.35,329.61,335.09,51.0016,4905260000
2015/11/16,319.74,331.63,315.9,330.75,47.9801,4746070000
2015/11/15,333.05,334.66,317.49,320.17,44.2131,4942420000
2015/11/14,336.62,338.18,329.97,332.91,38.612,4994250000
2015/11/13,338.5,340.91,326.07,336.75,52.003,5020700000
2015/11/12,314.08,345.08,313.36,338.15,78.4778,4657240000
2015/11/11,339.82,340.58,301,311.08,107.07,5037510000
2015/11/10,379.98,381.39,329.11,336.82,95.7979,5631520000
2015/11/9,374.32,385.28,362.89,380.26,68.2244,5546240000
2015/11/8,384.28,389.89,368.7,373.37,51.8176,5692390000
2015/11/7,374.27,390.59,372.43,386.48,56.6251,5542680000
2015/11/6,388.05,395.84,354.02,374.47,122.687,5745320000
2015/11/5,408.08,447.56,374.58,386.35,151.825,6040410000
2015/11/4,403.66,495.56,380.55,411.56,263.9,5973510000
2015/11/3,361.87,417.9,357.65,403.42,206.162,5353680000
2015/11/2,325.94,365.36,323.21,361.19,101.918,4820850000
2015/11/1,315,327.47,311.88,325.43,37.0011,4657890000
2015/10/31,328.51,332.78,309.25,314.17,48.5981,4856410000
2015/10/30,313.94,334.17,313.94,328.01,78.305,4639690000
2015/10/29,304.32,318.17,301.82,313.86,64.4959,4496390000
2015/10/28,293.7,306.33,293.7,304.62,50.8081,4338430000
2015/10/27,285.18,296.21,285.01,293.79,46.3318,4211500000
2015/10/26,283.63,285.3,280.51,285.3,32.1088,4187410000
2015/10/25,281.44,294.06,281.44,283.68,45.7171,4154100000
2015/10/24,276.5,281.71,276.5,281.65,25.9424,4080140000
2015/10/23,273.65,278.68,273.54,276.5,29.4425,4037010000
2015/10/22,266.5,276.51,266.13,274.02,37.8086,3930500000
2015/10/21,269.31,270.77,263.84,266.27,25.6373,3970980000
2015/10/20,263.57,270.83,263.23,269.46,30.8898,3885570000
2015/10/19,261.86,264.82,260.95,263.44,25.2588,3859270000
2015/10/18,270.91,271.67,260.78,261.64,22.4343,3991620000
2015/10/17,262.75,273.58,262.37,270.64,43.1996,3870490000
2015/10/16,254.3,266.13,253.93,262.87,35.9015,3745090000
2015/10/15,252.11,255.96,252.05,254.32,25.2235,3711800000
2015/10/14,249.49,254.28,248.9,251.99,27.4626,3672370000
2015/10/13,245.2,250.24,243.76,249.51,28.1985,3608340000
2015/10/12,246.88,247.45,245.18,245.31,17.3883,3632110000
2015/10/11,244.74,247.24,244.15,247.05,16.8273,3599840000
2015/10/10,243.74,245.32,243.07,244.94,15.9127,3584120000
2015/10/9,242.5,244.23,242.12,243.93,17.3531,3565090000
2015/10/8,243.07,244.25,242.18,242.3,18.5153,3572730000
2015/10/7,246.17,246.68,242.59,242.97,22.9992,3617400000
2015/10/6,240.36,246.94,240.14,246.06,27.5351,3531230000
2015/10/5,238.15,240.38,237.03,240.38,23.3359,3497740000
2015/10/4,238.53,238.97,237.94,238.26,12.999,3502460000
2015/10/3,237.2,239.31,236.94,238.73,16.4827,3482100000
2015/10/2,237.26,238.54,236.6,237.29,19.6779,3482190000
2015/10/1,236,238.44,235.62,237.55,20.4888,3462800000
2015/9/30,236.64,237.73,235.63,236.06,19.7435,3471280000
2015/9/29,239.02,239.8,235.93,236.69,22.6913,3505090000
2015/9/28,232.84,239.34,232.47,239.14,24.713,3413630000
2015/9/27,234.14,234.53,232.48,232.76,14.1799,3431860000
2015/9/26,235.08,235.4,233.36,234.34,13.7241,3444730000
2015/9/25,234.36,237.43,233.68,235.14,22.3636,3433300000
2015/9/24,230.36,235.65,230.29,234.53,25.0978,3373850000
2015/9/23,230.94,231.84,229.59,230.28,17.2541,3381390000
2015/9/22,226.97,232.39,225.12,230.62,25.0093,3322420000
2015/9/21,231.22,231.22,226.52,227.09,19.6788,3383840000
2015/9/20,231.4,232.37,230.91,231.21,14.4447,3385770000
2015/9/19,232.86,233.21,231.09,231.49,12.7126,3406390000
2015/9/18,233.52,234.35,232.19,232.97,20.2422,3415440000
2015/9/17,229.08,230.28,228.93,229.81,18.9354,3349390000
2015/9/16,230.25,231.22,227.4,229.09,20.1442,3365740000
2015/9/15,230.49,259.18,229.82,230.3,19.1778,3368360000
2015/9/14,230.61,232.44,227.96,230.64,20.9978,3369190000
2015/9/13,235.24,235.94,229.33,230.51,18.4788,3435990000
2015/9/12,239.85,240.12,234.75,235.23,17.9626,3502520000
2015/9/11,238.33,241.17,238.33,240.11,19.2247,3479310000
2015/9/10,238.34,241.29,235.79,238.48,21.2155,3478410000
2015/9/9,243.41,244.42,237.82,238.17,23.6357,3551640000
2015/9/8,239.85,245.78,239.68,243.61,26.8792,3498750000
2015/9/7,239.93,242.11,238.72,239.85,21.1922,3499120000
2015/9/6,234.87,242.91,234.68,239.84,25.4737,3424420000
2015/9/5,230.2,236.14,229.44,235.02,20.6714,3355470000
2015/9/4,227.22,230.9,227.05,230.3,20.9624,3311080000
2015/9/3,229.32,229.6,226.67,227.18,17.482,3340990000
2015/9/2,228.03,230.58,226.47,229.28,18.7604,3321180000
2015/9/1,230.26,231.22,226.86,228.12,20.5752,3352760000
2015/8/31,229.11,231.96,225.91,230.06,20.7107,3335220000
2015/8/30,229.9,232.07,226.25,228.76,19.4126,3345740000
2015/8/29,231.55,233.22,227.33,229.78,17.1425,3368880000
2015/8/28,224.7,235.22,220.93,231.4,31.3366,3268370000
2015/8/27,226.05,228.64,223.68,224.77,21.9054,3287220000
2015/8/26,222.08,231.18,220.2,225.83,31.808,3228540000
2015/8/25,210.07,226.32,199.57,221.61,61.0892,3053250000
2015/8/24,228.11,228.14,210.44,210.5,59.2207,3314640000
2015/8/23,230.38,232.71,225.58,228.17,18.4066,3346760000
2015/8/22,232.66,234.96,222.7,230.39,23.2059,3379050000
2015/8/21,235.35,236.43,231.72,232.57,23.1738,3417200000
2015/8/20,226.9,237.37,226.9,235.35,32.275,3293570000
2015/8/19,225.67,237.41,222.77,226.68,60.8692,3274860000
2015/8/18,257.93,257.99,211.08,211.08,42.1472,3742020000
2015/8/17,258.49,260.5,257.12,257.98,21.6179,3749260000
2015/8/16,261.87,262.44,257.04,258.51,29.717,3797330000
2015/8/15,265.53,266.67,261.3,261.55,19.3211,3849530000
2015/8/14,264.13,267.47,261.48,265.68,27.0912,3828340000
2015/8/13,266.18,266.23,262.84,264.08,27.6855,3857090000
2015/8/12,270.6,270.67,265.47,266.38,26.8154,3920210000
2015/8/11,264.34,270.39,264.09,270.39,25.4339,3828500000
2015/8/10,265.48,267.03,262.6,264.47,20.9794,3843850000
2015/8/9,261.12,267,260.47,265.08,23.7896,3779770000
2015/8/8,279.74,279.93,260.71,261,58.533,4048270000
2015/8/7,278.74,280.39,276.37,279.58,42.4848,4032820000
2015/8/6,281.91,281.91,278.4,278.58,18.7921,4077600000
2015/8/5,284.85,285.5,281.49,281.88,20.128,4119190000
2015/8/4,281.23,285.71,281.23,285.22,21.9087,4065870000
2015/8/3,282.81,285.47,280.23,281.23,21.4741,4087610000
2015/8/2,280.45,283.03,277.53,282.61,17.7222,4052470000
2015/8/1,284.69,284.93,278.11,281.6,18.995,4112610000
2015/7/31,287.7,288.96,282.34,284.65,23.6291,4155010000
2015/7/30,289.1,290.13,286.57,287.72,21.6358,4174360000
2015/7/29,294.48,294.54,288.78,289.59,24.6726,4250940000
2015/7/28,293.63,296.65,293.42,294.43,25.4536,4237650000
2015/7/27,292.64,297.77,287.45,293.62,30.592,4222210000
2015/7/26,288.64,293.05,287.71,292.69,16.0323,4163470000
2015/7/25,288.16,290.73,286,288.7,20.6622,4155500000
2015/7/24,276,289.25,275.25,288.28,37.1994,3978990000
2015/7/23,277.34,278.11,275.72,276.05,18.5313,3997290000
2015/7/22,275.66,277.67,274.38,277.22,19.3898,3971960000
2015/7/21,278.88,280.55,275.42,275.83,22.9307,4017540000
2015/7/20,273.5,278.98,272.96,278.98,22.7114,3938930000
2015/7/19,274.77,275.67,272.51,273.61,15.3325,3956140000
2015/7/18,279.33,282.53,274.07,274.9,25.1871,4020820000
2015/7/17,278.09,280.28,272.04,279.47,27.5914,4001950000
2015/7/16,286.04,291.18,275.24,278.09,49.4826,4115410000
2015/7/15,288.05,293.25,285.37,285.83,27.4866,4143120000
2015/7/14,292.03,296.15,286.64,287.46,28.7272,4199450000
2015/7/13,310.83,310.95,281.01,292.05,62.0539,4468540000
2015/7/12,293.14,314.39,292.5,310.87,56.405,4213280000
2015/7/11,284.88,298.51,283.53,293.12,41.1099,4093500000
2015/7/10,269.16,294.59,268.8,284.89,100.39,3866510000
2015/7/9,270.83,272.33,267.09,269.23,40.3012,3889620000
2015/7/8,265.98,272.97,264.39,270.79,36.9802,3818970000
2015/7/7,269.96,271.34,264.83,266.21,28.8576,3875220000
2015/7/6,271.11,277.42,267.6,269.03,49.1548,3890430000
2015/7/5,260.81,274.51,258.7,271.91,44.1561,3741670000
2015/7/4,256.49,261.46,254.2,260.89,15.6204,3678800000
2015/7/3,255.46,257.08,253.5,256.34,19.0338,3662970000
2015/7/2,258.55,261.63,254.12,255.41,21.5519,3706320000
2015/7/1,263.35,265.17,255.77,258.62,27.0298,3774140000
2015/6/30,257.04,267.87,255.95,263.07,44.5338,3682790000
2015/6/29,248.72,257.17,248.58,257.06,34.7429,3562790000
2015/6/28,250.96,251.17,247.43,249.01,15.1376,3593900000
2015/6/27,243.55,251.34,243.12,250.99,20.4886,3487060000
2015/6/26,242.6,243.75,241.55,243.59,13.9835,3472580000
2015/6/25,240.37,243.33,240.37,242.8,16.1331,3439620000
2015/6/24,244.28,244.34,240.51,240.51,17.3449,3494730000
2015/6/23,246.93,247.3,243.13,244.3,15.1087,3531700000
2015/6/22,243.97,247.92,243.78,246.99,17.6925,3488460000
2015/6/21,245.1,245.22,241.88,243.94,10.6009,3503880000
2015/6/20,244.53,245.83,240.63,245.21,20.6081,3494910000
2015/6/19,249.04,250.98,243.79,244.61,23.9653,3558500000
2015/6/18,249.43,252.11,244.13,249.01,30.9802,3563010000
2015/6/17,250.82,256.85,246.48,249.28,43.8584,3581960000
2015/6/16,236.76,251.74,236.12,250.9,41.612,3380500000
2015/6/15,233.42,237.84,233.42,236.82,19.9121,3331930000
2015/6/14,232.44,234.86,232,233.54,12.1659,3317080000
2015/6/13,229.92,232.65,229.21,232.4,13.3053,3280180000
2015/6/12,229.71,231.06,229.31,229.98,14.0177,3276290000
2015/6/11,228.85,230.29,228.77,229.71,14.416,3263390000
2015/6/10,229,229.78,228.01,228.8,15.9048,3264420000
2015/6/9,228.54,230.95,227.93,229.05,28.3531,3257050000
2015/6/8,222.88,229.46,222.84,228.49,23.3784,3175520000
2015/6/7,225.6,226.19,222.65,222.88,13.3184,3213390000
2015/6/6,225,225.72,224.38,225.62,11.1315,3203980000
2015/6/5,224.15,225.97,223.18,224.95,18.0565,3191080000
2015/6/4,225.77,226.58,224.05,224.32,14.7281,3213320000
2015/6/3,225.74,227.4,223.93,225.87,17.7524,3212010000
2015/6/2,222.89,226.42,222.42,225.8,20.459,3170730000
2015/6/1,230.23,231.71,221.3,222.93,26.0905,3274370000
2015/5/31,233.13,233.25,229.54,230.19,14.7308,3314780000
2015/5/30,237.09,237.09,232.05,233.34,14.0986,3370240000
2015/5/29,237.38,237.52,235.73,237.1,14.805,3373380000
2015/5/28,237.26,237.82,236.65,237.41,13.8296,3370890000
2015/5/27,237.06,238.64,236.69,237.28,18.837,3367340000
2015/5/26,237.1,238.24,235.69,237.12,16.425,3367040000
2015/5/25,240.93,241.02,236.64,237.11,14.4239,3420480000
2015/5/24,238.98,241.98,238.81,240.95,11.508,3391910000
2015/5/23,240.29,241.03,238.69,238.87,14.605,3409830000
2015/5/22,235.32,240.97,235.06,240.35,27.003,3338560000
2015/5/21,234.02,236.24,233.84,235.34,15.1089,3319140000
2015/5/20,231.89,234.68,231.84,234.02,15.4994,3288140000
2015/5/19,233.04,234.15,231.82,231.95,14.2419,3303650000
2015/5/18,236.89,237.21,232.46,233.13,16.7803,3357380000
2015/5/17,236.01,238.03,236.01,236.8,11.1343,3343940000
2015/5/16,237.64,237.7,235.29,236.15,11.0897,3366300000
2015/5/15,236.96,238.75,236.79,237.6,16.3294,3355680000
2015/5/14,236.21,237.8,234.06,236.93,24.4137,3344280000
2015/5/13,241.4,243.7,235.04,236.38,27.1801,3416690000
2015/5/12,242.15,242.88,240.1,241.11,19.2826,3426350000
2015/5/11,240.3,244.27,239.38,242.16,20.8923,3399290000
2015/5/10,241.73,244.07,238.85,240.3,15.0191,3418740000
2015/5/9,243.77,247.8,239.64,241.83,19.7905,3446790000
2015/5/8,237.2,246.28,236.27,243.86,27.4455,3353090000
2015/5/7,229.66,239.1,228.57,237.33,29.0644,3245660000
2015/5/6,236.25,236.45,229.23,229.78,29.5872,3337790000
2015/5/5,238.85,239.2,232.05,236.12,23.9291,3373650000
2015/5/4,240.36,242.64,237.81,239.02,21.2234,3394130000
2015/5/3,234.88,243.24,234.08,240.36,18.4941,3315980000
2015/5/2,232.34,235.73,232.34,234.93,12.5355,3279270000
2015/5/1,235.94,238.97,232.08,232.08,18.8153,3329190000
2015/4/30,225.69,239.56,224.99,236.15,33.8186,3183860000
2015/4/29,225.59,227.04,223.43,225.81,18.9365,3181700000
2015/4/28,228.97,229.5,223.07,225.85,21.4692,3228470000
2015/4/27,219.43,233.31,218.02,229.29,38.574,3093200000
2015/4/26,226.41,226.94,214.87,219.43,28.9437,3190790000
2015/4/25,231.24,232.56,226.34,226.39,13.9572,3257850000
2015/4/24,235.97,236.31,229.93,231.27,21.4487,3323830000
2015/4/23,234.05,236.47,233.2,236.46,17.036,3296060000
2015/4/22,235.6,237.91,233.48,234.18,23.8479,3316990000
2015/4/21,224.62,235.27,224.3,235.27,24.978,3161520000
2015/4/20,222.61,226.35,221.98,224.63,18.3647,3132400000
2015/4/19,223.46,226.35,222.37,222.6,15.0215,3143460000
2015/4/18,222.85,224.32,220.88,223.36,12.939,3134170000
2015/4/17,228.57,228.91,221.94,222.88,20.4298,3213910000
2015/4/16,223.92,229.67,223.92,228.57,24.8054,3147650000
2015/4/15,219.07,223.83,218.65,223.83,22.562,3078890000
2015/4/14,224.76,224.98,216.32,219.16,31.719,3157970000
2015/4/13,235.95,236.94,222,224.59,31.1818,3314280000
2015/4/12,236.53,237.73,233.5,236.15,12.3879,3321740000
2015/4/11,236.02,239.54,234.18,236.55,16.3652,3313620000
2015/4/10,243.69,243.69,232.77,236.07,28.882,3420500000
2015/4/9,244.75,246.12,239.4,243.68,21.6435,3434520000
2015/4/8,253.06,253.85,244.22,245.02,30.0864,3550390000
2015/4/7,255.27,255.81,252.21,253.18,18.4674,3580410000
2015/4/6,260.72,261.8,254.57,255.49,20.0342,3655990000
2015/4/5,253.76,260.68,251.94,260.6,19.6492,3557460000
2015/4/4,254.29,255.26,251.1,253.7,12.4935,3563920000
2015/4/3,253.07,256.04,251.88,254.32,23.1466,3545940000
2015/4/2,247.09,254.46,245.42,253,26.2726,3461060000
2015/4/1,244.22,247.54,241.16,247.27,22.8772,3420100000
2015/3/31,247.45,248.73,242.74,244.22,22.672,3464410000
2015/3/30,242.88,249.24,239.21,247.53,23.0096,3399510000
2015/3/29,252.74,253.14,240.85,242.71,21.6994,3536570000
2015/3/28,246.97,254.21,246.97,252.8,16.0409,3454980000
2015/3/27,248.57,256.81,245.21,247.03,17.2749,3476180000
2015/3/26,246.28,254.35,244.91,248.53,25.73,3443230000
2015/3/25,247.47,249.19,236.51,246.2,35.8669,3458950000
2015/3/24,266.58,267,244.16,245.59,40.0737,3724830000
2015/3/23,267.89,277.3,261.75,266.74,22.8119,3742290000
2015/3/22,259.92,269.75,259.59,267.96,18.4381,3629920000
2015/3/21,261.64,262.2,255.65,260.02,17.1301,3653040000
2015/3/20,260.96,264.85,259.16,261.75,18.4567,3642550000
2015/3/19,255.88,264.24,248.64,260.93,52.732,3570820000
2015/3/18,285.07,285.34,249.87,256.3,57.008,3977030000
2015/3/17,290.6,292.37,284.37,285.5,21.4972,4053230000
2015/3/16,285.69,294.11,285.69,290.59,21.5161,3983760000
2015/3/15,281.43,286.53,281,286.39,11.9701,3923350000
2015/3/14,284.44,286.34,280.98,281.88,22.6123,3964470000
2015/3/13,294.12,294.5,285.34,285.34,31.4215,4098250000
2015/3/12,296.13,297.09,292.41,294.35,32.5852,4125290000
2015/3/11,291.52,297.39,290.51,296.38,33.9639,4060030000
2015/3/10,289.86,300.04,289.74,291.76,67.7708,4035790000
2015/3/9,274.81,292.7,273.89,289.61,59.1782,3825250000
2015/3/8,276.43,277.86,272.56,274.35,22.0679,3846750000
2015/3/7,272.29,277.85,270.13,276.26,17.8259,3788190000
2015/3/6,275.6,277.61,270.01,272.72,28.9189,3833160000
2015/3/5,272.74,281.67,264.77,276.18,41.3024,3792480000
2015/3/4,281.99,284.23,268.13,273.09,41.383,3920130000
2015/3/3,275.05,285.8,268.16,281.7,50.4613,3822510000
2015/3/2,260.36,276.3,258.31,275.67,40.4657,3617340000
2015/3/1,254.28,261.66,245.93,260.2,25.2137,3532050000
2015/2/28,253.52,254.69,249.48,254.26,13.9493,3520560000
2015/2/27,236.44,256.65,236.44,253.83,44.0139,3282410000
2015/2/26,237.34,237.71,234.26,236.43,13.6194,3294030000
2015/2/25,238.89,239.34,235.53,237.47,11.4962,3314640000
2015/2/24,239,239.9,236.4,238.74,14.2004,3315370000
2015/2/23,236,240.11,232.42,238.89,16.4,3272880000
2015/2/22,244.54,246.39,233.85,235.98,19.527,3390510000
2015/2/21,243.75,255.32,243.18,244.53,12.2842,3378660000
2015/2/20,240.25,247.1,239.3,243.78,23.8767,3329190000
2015/2/19,236.41,242.67,235.59,240.28,18.2705,3274980000
2015/2/18,243.78,244.25,232.34,236.33,25.2008,3376060000
2015/2/17,233.42,245.78,232.31,243.61,27.3631,3231750000
2015/2/16,234.82,239.52,229.02,233.84,28.1537,3250240000
2015/2/15,257.51,265.61,227.68,234.82,56.5524,3563290000
2015/2/14,235.53,259.81,235.53,257.32,49.7325,3258210000
2015/2/13,221.97,240.26,221.26,235.43,42.7444,3069830000
2015/2/12,219.21,222.2,217.61,221.76,15.2062,3030990000
2015/2/11,219.73,223.41,218.07,219.19,17.2019,3037370000
2015/2/10,220.28,221.81,215.33,219.84,21.1151,3044180000
2015/2/9,223.39,223.98,217.02,220.11,27.7913,3086220000
2015/2/8,227.69,229.44,221.08,223.41,17.1452,3144920000
2015/2/7,222.63,230.3,222.61,227.75,21.6042,3074140000
2015/2/6,216.92,230.51,216.23,222.27,24.4353,2994350000
2015/2/5,227.66,239.41,214.72,217.11,22.5164,3141730000
2015/2/4,227.51,230.06,221.11,226.85,26.5943,3138700000
2015/2/3,237.45,245.96,224.48,227.27,40.7837,3275110000
2015/2/2,226.49,242.18,222.66,238.23,30.6121,3123010000
2015/2/1,216.87,231.57,212.01,226.97,29.1285,2989460000
2015/1/31,226.44,233.5,216.31,217.46,23.3482,3120490000
2015/1/30,232.77,242.85,225.84,226.43,26.6052,3206940000
2015/1/29,233.35,238.71,220.71,233.51,32.2134,3213920000
2015/1/28,263.35,266.54,227.05,233.91,44.3522,3626050000
2015/1/27,273.17,275.48,250.65,263.48,44.399,3760210000
2015/1/26,254.08,309.38,254.08,273.47,106.794,3496650000
2015/1/25,247.35,255.07,243.89,253.72,33.5827,3403300000
2015/1/24,232.7,248.21,230.02,247.85,24.7825,3200970000
2015/1/23,233.52,234.84,225.2,232.88,24.6217,3211490000
2015/1/22,227.32,237.02,226.43,233.41,33.5446,3125520000
2015/1/21,211.38,227.79,211.21,226.9,29.9246,2905520000
2015/1/20,212.91,215.24,205.15,211.31,24.0511,2925910000
2015/1/19,211.47,216.73,207.32,214.86,18.6583,2905410000
2015/1/18,200.05,218.69,194.51,210.34,30.0851,2747730000
2015/1/17,207.83,211.73,194.88,199.26,23.4697,2853930000
2015/1/16,209.07,221.59,199.77,208.1,38.421,2870180000
2015/1/15,176.9,229.07,176.9,209.84,81.7735,2427830000
2015/1/14,223.89,223.89,171.51,178.1,97.6387,3072020000
2015/1/13,267.39,268.28,219.91,225.86,72.8439,3668040000
2015/1/12,266.15,272.2,265.2,267.8,18.8803,3649970000
2015/1/11,274.61,279.64,265.04,265.66,18.2008,3764960000
2015/1/10,287.3,288.13,273.97,274.8,15.2643,3937990000
2015/1/9,282.38,291.11,280.53,290.41,18.7186,3869530000
2015/1/8,294.13,294.13,282.18,283.35,19.9825,4029490000
2015/1/7,286.08,298.75,283.08,294.34,24.8668,3918090000
2015/1/6,274.61,287.55,272.7,286.19,23.2457,3759970000
2015/1/5,265.08,278.34,265.08,274.47,43.9628,3628490000
2015/1/4,281.15,287.23,257.61,264.19,55.6291,3847150000
2015/1/3,314.85,315.15,281.08,281.08,33.0544,4307010000
2015/1/2,314.08,315.84,313.56,315.03,7.86065,4295210000
2015/1/1,320.44,320.44,314,314.25,8.03655,4380820000
2014/12/31,310.91,320.19,310.21,320.19,13.9429,4249480000
2014/12/30,312.72,314.81,309.37,310.74,12.5283,4272940000
2014/12/29,317.7,320.27,312.31,312.67,12.3025,4339700000
2014/12/28,316.16,320.03,311.08,317.24,11.6766,4317320000
2014/12/27,327.58,328.91,312.63,315.86,15.1852,4472050000
2014/12/26,319.15,331.42,316.63,327.92,16.4105,4355750000
2014/12/25,322.29,322.67,316.96,319.01,9.88364,4397250000
2014/12/24,334.38,334.74,321.36,322.53,15.0923,4561040000
2014/12/23,332.02,336.29,329.6,334.57,16.5742,4527490000
2014/12/22,321.07,334.12,320.43,331.89,22.3151,4376890000
2014/12/21,329.54,329.63,318.9,320.84,15.2076,4491320000
2014/12/20,317.62,330.32,316.04,329.96,20.8567,4327750000
2014/12/19,311.18,318.53,306.77,317.84,23.8231,4238930000
2014/12/18,319.79,323.71,304.23,311.4,39.173,4355140000
2014/12/17,326.86,333.95,315.15,319.78,37.5679,4450380000
2014/12/16,345.67,345.86,327.06,327.06,30.8649,4705370000
2014/12/15,351.36,351.81,344.93,345.35,17.2642,4781560000
2014/12/14,346.73,353.32,345.42,351.63,12.4152,4717270000
2014/12/13,352.38,352.38,346.59,347.38,11.6759,4792870000
2014/12/12,350.83,352.98,349.29,352.54,16.9898,4770620000
2014/12/11,344.34,361.36,338.76,350.51,32.4313,4681040000
2014/12/10,352.2,352.38,346.37,346.37,16.4277,4786700000
2014/12/9,361.89,363.07,344.95,352.22,32.9155,4917110000
2014/12/8,374.96,376.03,361.89,361.91,18.8987,5093180000
2014/12/7,374.84,376.29,373.27,375.1,6.49165,5090240000
2014/12/6,376.76,378.45,370.94,374.79,7.00932,5115040000
2014/12/5,369.44,379.19,365.76,376.85,15.1818,5014290000
2014/12/4,375.72,378.65,367.76,369.6,14.5296,5098100000
2014/12/3,381.72,383.03,374.35,375.01,13.3401,5178450000
2014/12/2,379.25,384.04,377.86,381.31,12.3641,5143500000
2014/12/1,378.25,383.66,376.67,379.25,11.763,5128700000
2014/11/30,375.51,382.53,373.31,378.05,9.19444,5090060000
2014/11/29,376.15,387.6,372.14,375.49,15.3756,5097280000
2014/11/28,369.37,382.84,358.45,376.45,22.9465,5004050000
2014/11/27,370.5,373.99,368.28,369.67,8.74803,5018040000
2014/11/26,376.02,377.7,365.82,368.37,18.6017,5091480000
2014/11/25,376.89,394.7,374.78,375.35,25.4422,5101970000
2014/11/24,366.95,387.21,366.67,376.9,30.9301,4966080000
2014/11/23,353.18,370.85,353.18,367.57,15.1516,4778440000
2014/11/22,351.6,364.84,350.88,352.92,15.273,4755830000
2014/11/21,357.88,357.88,344.11,350.85,29.8501,4839570000
2014/11/20,380.31,382.02,356.78,357.84,25.2332,5141550000
2014/11/19,373.9,386.48,373.9,380.56,18.9318,5053560000
2014/11/18,387.79,392.4,371.12,375.2,32.2225,5239790000
2014/11/17,388.35,410.2,377.5,387.41,41.5188,5246000000
2014/11/16,374.73,390.8,374.6,387.88,11.9056,5060640000
2014/11/15,399.65,405.53,371.01,376.13,15.7275,5395770000
2014/11/14,418.42,419.25,384.79,397.82,29.5892,5647540000
2014/11/13,427.27,457.09,401.12,420.74,58.945,5765520000
2014/11/12,367.99,429.72,367.99,423.56,45.7832,4964150000
2014/11/11,365.86,371.31,363.74,367.69,15.8389,4934270000
2014/11/10,362.26,374.82,357.56,366.92,30.4501,4884490000
2014/11/9,345.38,363.63,344.25,363.26,24.2056,4655480000
2014/11/8,342.15,347.03,342.15,345.49,8.53547,4610750000
2014/11/7,349.82,352.73,341.78,342.42,16.8342,4712700000
2014/11/6,339.46,352.97,338.42,349.29,18.797,4571830000
2014/11/5,330.68,343.37,330.68,339.49,19.8172,4452510000
2014/11/4,327.16,331.77,325.08,330.49,15.6555,4403750000
2014/11/3,325.57,334,325.48,327.55,12.9485,4380950000
2014/11/2,326.07,329.05,320.63,325.89,8.60362,4386500000
2014/11/1,338.65,340.53,321.06,325.75,16.6772,4554320000
2014/10/31,345.01,348.05,337.14,338.32,12.5454,4638210000
2014/10/30,335.71,350.91,335.07,345.31,30.1779,4511760000
2014/10/29,357.09,357.83,335.34,335.59,18.1927,4797700000
2014/10/28,353.21,359.98,352.68,357.62,7.84588,4744450000
2014/10/27,354.78,358.63,349.81,352.99,13.033,4764020000
2014/10/26,347.49,359.22,343.93,354.7,11.2725,4665040000
2014/10/25,358.61,359.86,342.88,347.27,18.1275,4812990000
2014/10/24,358.59,364.35,353.31,358.35,15.5857,4811290000
2014/10/23,382.96,385.05,356.45,358.42,26.4569,5136830000
2014/10/22,386.12,388.58,382.25,383.16,11.6413,5177640000
2014/10/21,382.42,392.65,380.83,386.48,14.1889,5126590000
2014/10/20,389.23,390.08,378.25,382.85,16.419,5216560000
2014/10/19,391.25,393.94,386.46,389.55,5.91457,5242370000
2014/10/18,383.98,395.16,378.97,391.44,11.4168,5143260000
2014/10/17,382.76,385.48,375.39,383.76,13.6007,5125580000
2014/10/16,394.52,398.81,373.07,382.56,26.99,5281630000
2014/10/15,400.95,402.23,388.77,394.77,25.2671,5366290000
2014/10/14,391.69,411.7,391.32,400.87,38.4915,5241030000
2014/10/13,377.92,397.23,368.9,390.41,35.2214,5055290000
2014/10/12,362.61,379.43,356.14,378.55,17.5528,4849070000
2014/10/11,361.36,367.19,355.95,362.3,13.3452,4831160000
2014/10/10,364.69,375.07,352.96,361.56,43.6657,4874190000
2014/10/9,352.75,382.73,347.69,365.03,83.6411,4713320000
2014/10/8,336.12,354.36,327.19,352.94,54.7363,4489870000
2014/10/7,330.58,339.25,320.48,336.19,49.1999,4414880000
2014/10/6,320.39,345.13,302.56,330.08,79.0118,4277430000
2014/10/5,328.92,341.8,289.3,320.51,83.3081,4389890000
2014/10/4,359.89,364.49,325.89,328.87,47.2365,4801920000
2014/10/3,375.18,377.69,357.86,359.51,30.9012,5004540000
2014/10/2,383.99,385.5,372.95,375.07,21.7777,5120700000
2014/10/1,387.43,391.38,380.78,383.62,26.2294,5165060000
2014/9/30,376.09,390.98,373.44,386.94,34.7073,5012450000
2014/9/29,376.93,385.21,372.24,375.47,32.4977,5022360000
2014/9/28,399.47,401.02,374.33,377.18,23.6133,5321420000
2014/9/27,403.56,406.62,397.37,399.52,15.0293,5374500000
2014/9/26,411.43,414.94,400.01,404.43,21.4608,5477970000
2014/9/25,423.16,423.52,409.47,411.57,26.8144,5632260000
2014/9/24,435.75,436.11,421.13,423.2,30.6277,5798220000
2014/9/23,402.09,441.56,396.2,435.79,45.0995,5348840000
2014/9/22,399.1,406.92,397.13,402.15,24.1276,5307360000
2014/9/21,408.08,412.43,393.18,398.82,26.5801,5425180000
2014/9/20,394.67,423.3,389.88,408.9,36.8636,5245150000
2014/9/19,424.1,427.83,384.53,394.8,37.9197,5634440000
2014/9/18,456.86,456.86,413.1,424.44,34.4832,6067610000
2014/9/17,465.86,468.17,452.42,457.33,21.0568,6185010000
2014/9/16,474.86,475.64,465.13,466.06,16.7973,6302440000
2014/9/15,477.76,478.62,474.02,475.37,15.3452,6339090000
2014/9/14,479.12,479.85,476.12,477.89,13.1055,6355140000
2014/9/13,477.79,482.12,475.1,479,15.588,6335400000
2014/9/12,479.58,479.63,473.01,477.75,15.4372,6357290000
2014/9/11,479.62,482.35,474.61,479.75,16.8529,6355700000
2014/9/10,475.48,487.47,475.14,479.36,22.7878,6299070000
2014/9/9,474.88,477.38,467.78,475.26,21.4478,6289350000
2014/9/8,481.81,489.83,468.79,474.6,30.238,6379410000
2014/9/7,485.13,488.07,482.28,482.28,8.99405,6421460000
2014/9/6,483.34,488.6,483,484.83,10.6014,6395630000
2014/9/5,489.67,490.64,481.61,483.34,15.3025,6477530000
2014/9/4,477.68,493.93,477.09,489.66,26.0814,6317100000
2014/9/3,476.87,481.71,476.21,477.59,13.3422,6304370000
2014/9/2,474.48,482.99,472.32,477.43,23.3379,6270970000
2014/9/1,477.79,485.31,471.91,474.88,20.432,6313120000
2014/8/31,502.9,504.88,474.81,477.76,44.6323,6642630000
2014/8/30,508.59,509.31,501.64,504.25,9.42407,6715420000
2014/8/29,508.43,511.69,503.82,508.52,17.6248,6711080000
2014/8/28,510.88,516.16,506.88,507.81,19.862,6741320000
2014/8/27,512.19,520.71,510.92,511.15,22.6485,6756340000
2014/8/26,502.54,512.69,502.54,511.57,23.2351,6626970000
2014/8/25,508.22,508.22,499.23,502.5,18.3567,6700090000
2014/8/24,498.29,512.89,497.35,508.29,19.4417,6567300000
2014/8/23,513.39,514.3,492.11,498.07,25.1719,6764340000
2014/8/22,517.58,521.48,501.27,514.04,36.5639,6817460000
2014/8/21,510.45,531.9,510.45,517.24,49.4442,6721410000
2014/8/20,485.07,518.28,467.51,511.98,46.5276,6385230000
2014/8/19,461.48,485.71,455.54,485.25,38.4224,6072520000
2014/8/18,491.51,499.37,443.85,461.46,50.7838,6465210000
2014/8/17,519.14,520.19,483.63,491.8,24.3009,6826520000
2014/8/16,497.83,521.48,487.74,519.71,22.8325,6544250000
2014/8/15,511.14,518.18,487.93,497.01,25.5983,6717150000
2014/8/14,546.18,546.24,498.73,505.97,35.8039,7175190000
2014/8/13,570.38,573.03,532.67,546.66,25.7775,7490990000
2014/8/12,576.51,576.95,566.6,569.64,13.9782,7569070000
2014/8/11,591.28,591.51,574.05,576.37,14.7642,7760290000
2014/8/10,589.17,594.46,587.94,591.06,7.55531,7730000000
2014/8/9,592.47,592.47,587.63,589.37,7.92207,7770550000
2014/8/8,588.88,598.12,588.79,592.58,11.072,7721090000
2014/8/7,584.65,591.1,584.05,588.87,11.1314,7663290000
2014/8/6,585.95,587.49,583.1,584.65,14.4979,7678040000
2014/8/5,589.01,589.87,584.1,585.44,10.7908,7716120000
2014/8/4,586.23,591.95,583.74,588.78,9.86757,7677850000
2014/8/3,588.89,589.15,581.65,586.67,9.91799,7710420000
2014/8/2,594.9,594.91,586.15,589.33,8.35908,7786620000
2014/8/1,586.2,597.92,583.63,594.92,18.2159,7670500000
2014/7/31,567.37,586.24,564.51,586.24,22.4679,7421870000
2014/7/30,584.74,585.12,564.9,567.29,14.8988,7646630000
2014/7/29,585.55,588.38,581.7,584.73,11.2754,7655040000
2014/7/28,594.14,594.57,575.18,585.69,19.3164,7765040000
2014/7/27,595.67,598.94,593.43,593.85,7.77423,7782830000
2014/7/26,601.54,602.09,593.96,595.81,10.7529,7857510000
2014/7/25,601.51,607.07,597.23,601.09,12.2795,7854660000
2014/7/24,619.5,620.43,595.57,601.73,20.9172,8087290000
2014/7/23,621.12,624.43,618.29,619.41,11.0566,8106260000
2014/7/22,622.27,624.3,620.96,621.55,9.60288,8119060000
2014/7/21,623.95,624.09,619.11,622.21,10.7119,8138520000
2014/7/20,628.56,628.56,622.77,623.9,5.76012,8196210000
2014/7/19,629.17,629.17,624.6,628.51,7.22203,8201340000
2014/7/18,622.37,629.21,620.47,628.78,14.1581,8110060000
2014/7/17,616.54,626.29,608.4,623.09,16.5767,8031440000
2014/7/16,622.01,623.09,615.33,616.8,13.1824,8100510000
2014/7/15,620,625.14,619.63,621.59,10.8732,8071770000
2014/7/14,626.56,627.34,617.32,619.32,12.7068,8155140000
2014/7/13,634.22,634.73,624.91,626.5,11.291,8252240000
2014/7/12,631.88,636.66,626.98,633.71,13.329,8219370000
2014/7/11,616.66,632.09,615.77,632,16.4671,8019000000
2014/7/10,624.83,626.12,612.35,616.76,15.8807,8122830000
2014/7/9,625.22,627,622.6,624.51,9.81915,8125370000
2014/7/8,622.57,626.7,620.91,624.82,10.0055,8088590000
2014/7/7,635.46,637.16,617.01,624.09,17.8136,8253710000
2014/7/6,631.77,638.65,631.16,635.81,10.08,8203530000
2014/7/5,629.95,633.22,628,631.46,9.10594,8177490000
2014/7/4,644.65,648.43,629.4,630.69,22.2372,8365570000
2014/7/3,650.77,650.77,641.3,645.16,18.949,8442770000
2014/7/2,641.04,656.68,638.34,650.88,25.7682,8314310000
2014/7/1,641.39,657.86,640.11,640.81,38.4463,8316770000
2014/6/30,602.62,645.15,599.88,639.8,46.4224,7812050000
2014/6/29,596.33,604.08,596.16,602.72,8.89747,7728190000
2014/6/28,599.08,604.47,595.92,596.55,13.3981,7761630000
2014/6/27,581.3,600.12,579.88,597.26,20.8146,7527840000
2014/6/26,566.14,581.63,564.73,581.14,14.6559,7329110000
2014/6/25,581.81,583.6,565.63,566.34,20.6877,7529260000
2014/6/24,593.97,596.97,582.36,582.36,14.1449,7683850000
2014/6/23,602.16,603.21,586.34,593.98,14.0538,7787160000
2014/6/22,595.9,606,594.63,602.27,10.8777,7703560000
2014/6/21,593.68,599.46,587.74,594.99,9.25629,7672030000
2014/6/20,597.4,599.75,587.76,594.15,18.1341,7717370000
2014/6/19,608.07,612.24,597.02,598.07,12.8038,7852650000
2014/6/18,609.77,615.88,604.4,607.96,17.862,7872150000
2014/6/17,591.59,610.89,590.4,610.86,18.5973,7634710000
2014/6/16,592.65,608.72,587.07,592.19,28.6775,7645650000
2014/6/15,575.93,592.94,554.89,592.94,23.5809,7427200000
2014/6/14,600.75,601.27,549.82,577.36,38.4812,7744580000
2014/6/13,585.7,615.14,585.7,600.16,35.7007,7548170000
2014/6/12,633.43,638.11,573.27,586.95,50.8188,8160590000
2014/6/11,653.19,657.04,632.55,633.02,25.1638,8412780000
2014/6/10,650.04,659.62,646.56,653.15,17.9134,8369550000
2014/6/9,655.64,657.7,644.39,649.16,19.0654,8439070000
2014/6/8,654.99,658.88,653.47,656.14,8.61419,8428530000
2014/6/7,653.52,656.94,644.91,654.97,15.8553,8407050000
2014/6/6,659.28,661.37,652.3,653.7,18.6801,8478870000
2014/6/5,641.07,663.53,640.09,659.26,29.6213,8242230000
2014/6/4,666.77,668.56,624.09,641.61,37.7315,8569660000
2014/6/3,660.55,674.11,650.78,667.61,40.6537,8486730000
2014/6/2,629.64,665.5,618.75,660.62,45.4502,8086630000
2014/6/1,623.69,671.51,619.91,630.23,45.2591,8007450000
2014/5/31,615.69,624.72,604.47,623.68,15.1071,7902400000
2014/5/30,568.18,618.46,568.16,615.33,31.9854,7290240000
2014/5/29,576.33,577.1,561.6,568.18,18.7078,7392820000
2014/5/28,571.91,578.62,564.09,577.06,19.289,7333770000
2014/5/27,582.59,589.52,554.43,571.24,38.032,7468620000
2014/5/26,571.39,588.39,565.33,583.42,29.9598,7322870000
2014/5/25,525.23,576.48,525.23,571.59,47.0103,6729120000
2014/5/24,521.05,525.17,516.28,525.14,11.4993,6673600000
2014/5/23,525.72,541.96,520.08,520.22,34.9347,6731160000
2014/5/22,492.05,525.36,490.19,524.58,33.0865,6297990000
2014/5/21,485.8,494.37,483.49,491.77,14.626,6215880000
2014/5/20,446.31,491.44,446.01,485.72,40.3275,5708560000
2014/5/19,446.08,447.56,443.1,446.18,6.24262,5703760000
2014/5/18,448.7,449.77,444.78,446.26,2.85783,5735400000
2014/5/17,448.12,451.98,447.3,448.9,2.94579,5725990000
2014/5/16,447.39,450.66,444.96,448.06,6.4751,5714640000
2014/5/15,444.14,449.8,443.63,447.25,7.36298,5671210000
2014/5/14,440.59,446.66,440.5,443.97,9.47296,5624310000
2014/5/13,441.53,441.98,436.97,440.67,7.68267,5634510000
2014/5/12,438.3,442.26,434.23,441.46,7.38377,5591520000
2014/5/11,453.92,455.34,433.4,438.89,12.2517,5789010000
2014/5/10,450.46,455.77,448.47,454.43,6.6826,5742830000
2014/5/9,440.18,452.69,440.14,449.46,10.3479,5609930000
2014/5/8,438.68,448.4,438.14,440.17,9.44658,5588990000
2014/5/7,429.34,446.13,428.45,438.82,18.3322,5468310000
2014/5/6,433.36,448.04,423.25,428.96,12.5073,5517460000
2014/5/5,434.78,440.97,427.62,433.48,10.0048,5534140000
2014/5/4,438.52,439.77,430.05,436.4,5.62126,5580030000
2014/5/3,449.4,449.4,430.68,437.76,9.84964,5716960000
2014/5/2,457.36,457.93,443.4,449.38,10.3942,5816390000
2014/5/1,447.63,460.61,447.63,457.76,12.8718,5690670000
2014/4/30,446.89,451.1,436.7,447.64,15.2449,5679680000
2014/4/29,439.98,451.64,435.18,447.21,16.4014,5590030000
2014/4/28,430.72,447.53,422.94,440.29,23.8766,5470650000
2014/4/27,457.24,459.33,436.39,436.39,10.9495,5805530000
2014/4/26,461.7,464.54,449.1,458.6,12.2146,5860330000
2014/4/25,500.09,500.3,442.95,461.45,46.8565,6345230000
2014/4/24,490.82,500.46,482.95,500.46,13.0094,6225860000
2014/4/23,488.36,493.25,485.82,491.3,9.81453,6192560000
2014/4/22,495.45,503.22,487.58,487.92,11.6709,6280640000
2014/4/21,497.74,510.57,493.2,495.77,15.1714,6307460000
2014/4/20,501.75,510.87,490.84,498.17,12.1031,6356070000
2014/4/19,479.58,503.56,470.56,501.56,19.5882,6073340000
2014/4/18,495.8,498.6,472.74,479.64,19.0424,6276700000
2014/4/17,529.07,533.52,484.87,495.96,34.0255,6695650000
2014/4/16,522.18,542.38,502.78,527.39,56.4801,6606460000
2014/4/15,458.37,519,453.54,515.59,49.561,5797070000
2014/4/14,414.83,469.75,407.37,458.79,50.7302,5244350000
2014/4/13,421.46,427.4,395.25,414.06,22.4935,5326230000
2014/4/12,420.89,439.61,415.79,421.12,19.2265,5317310000
2014/4/11,363.71,429.77,351.27,420.95,62.5628,4593400000
2014/4/10,442.26,443.37,358.73,365.18,55.8683,5583670000
2014/4/9,453.18,455.73,441.93,442.73,13.2044,5719730000
2014/4/8,447.61,457.42,446.11,453.09,10.9216,5648000000
2014/4/7,461.47,462.56,445.12,449.42,15.6166,5821160000
2014/4/6,463.4,466.32,452.97,460.5,10.2414,5843670000
2014/4/5,446.68,463.57,444.2,461.91,13.4045,5630890000
2014/4/4,445.66,454.65,429.09,447.53,22.9255,5615980000
2014/4/3,436.44,449.56,414.89,444.72,40.7655,5497550000
2014/4/2,479.14,495.05,431.27,437.14,49.6476,6032970000
2014/4/1,457,495.34,457,478.38,35.6858,5752280000
2014/3/31,462.3,483.02,443.37,457,28.254,5816910000
2014/3/30,492.37,492.37,444.18,460.27,42.9583,6193560000
2014/3/29,501.71,504.86,489.73,491.17,11.1471,6308890000
2014/3/28,477.14,526.02,473.23,495.67,58.8283,5997850000
2014/3/27,580.26,580.56,471.24,471.24,62.2254,7291520000
2014/3/26,583.48,590.03,570.96,580.83,16.4011,7329720000
2014/3/25,585.03,585.44,572.61,583.92,14.0201,7346810000
2014/3/24,562.51,586.56,551.77,583.41,22.7069,7061380000
2014/3/23,565.76,570.24,560.88,561.27,9.2884,7099230000
2014/3/22,571.18,572.55,554.39,565.04,17.3607,7164770000
2014/3/21,588.29,604.59,561.81,571.49,38.4141,7376710000
2014/3/20,609.75,609.75,587.49,588.77,20.5729,7642910000
2014/3/19,613.9,622,609.1,609.89,14.2289,7692450000
2014/3/18,621.84,622.39,603.8,614.83,24.0115,7789810000
2014/3/17,630.92,632.68,616.86,622.37,14.6482,7901040000
2014/3/16,636.5,637.52,628.11,631.11,5.27729,7968200000
2014/3/15,629.37,639.14,627.3,636.12,4.34208,7876360000
2014/3/14,638.14,639.53,627.21,628.8,11.9138,7983980000
2014/3/13,633.62,644.2,630.85,638.14,11.6349,7924860000
2014/3/12,631.91,648.03,629.51,632.1,18.6212,7900600000
2014/3/11,627.95,638.42,618.84,634.11,11.7325,7848450000
2014/3/10,636.33,644.76,615.02,627.79,20.6398,7950820000
2014/3/9,616.31,643.95,612.35,636.96,15.3965,7697910000
2014/3/8,629.66,635.14,604.46,617.45,18.6542,7862010000
2014/3/7,664.31,665.34,616.35,629.15,34.1508,8291900000
2014/3/6,664.52,669.77,649.79,663.86,16.0681,8291650000
2014/3/5,666.24,674.28,646.28,665.51,22.4619,8310510000
2014/3/4,668.24,696.22,655.68,666.78,55.3446,8332950000
2014/3/3,562.56,702.91,560.52,667.76,96.0569,7013060000
2014/3/2,567.23,570.48,553.27,559.79,7.95076,7069290000
2014/3/1,549.92,573.38,539.29,565.61,18.6681,6851590000
2014/2/28,579.7,584.14,545.17,549.26,28.0761,7219990000
2014/2/27,581.65,594.05,566.62,578.77,25.5408,7241560000
2014/2/26,537.04,603.8,532.58,582.69,64.6427,6683680000
2014/2/25,540.24,541.38,420.41,538.71,126.314,6721330000
2014/2/24,606.04,607.61,538.7,546.32,57.8939,7537080000
2014/2/23,606.47,639.91,599.7,605.82,31.4344,7539890000
2014/2/22,574.24,614.48,558.58,605.42,31.254,7136600000
2014/2/21,556.88,582.96,530.47,574.16,47.3081,6918730000
2014/2/20,623.09,627.73,556.14,556.14,46.905,7738580000
2014/2/19,625.97,631.77,618.7,623.03,13.8978,7771210000
2014/2/18,627.16,645.76,612.54,626.6,20.0151,7783430000
2014/2/17,614.23,656.95,607.31,626.27,31.9484,7620580000
2014/2/16,651.3,665.1,584.17,616.63,40.0617,8077340000
2014/2/15,660.9,661.84,632.84,650.92,26.7092,8193290000
2014/2/14,601.17,691.72,541.04,661.99,102.506,7449940000
2014/2/13,651.08,657.99,601.91,605.24,38.5881,8065550000
2014/2/12,672.38,672.9,643.04,651.72,25.3676,8326420000
2014/2/11,683.5,712.46,636.66,672.17,72.7452,8461320000
2014/2/10,681.32,703.71,550.5,681.03,112.758,8431680000
2014/2/9,671.46,712.27,655.25,682.9,39.3114,8307340000
2014/2/8,699.57,721.82,661.87,673.92,38.7426,8651930000
2014/2/7,783.2,783.2,654.35,712.4,113.643,9683190000
2014/2/6,815.59,819.81,770.59,781.55,50.1087,10079900000
2014/2/5,829.96,837.32,811.91,811.91,22.3951,10254100000
2014/2/4,823.77,840.17,820.94,827.96,16.6097,10174000000
2014/2/3,824.08,826.48,807.22,823.83,13.9401,10174100000
2014/2/2,832.9,844.72,820.67,825.37,11.3009,10279200000
2014/2/1,828.61,853.52,827.11,832.58,19.6687,10222300000
2014/1/31,818.43,831.87,812.6,829.92,17.1079,10092900000
2014/1/30,826.02,830.5,799.06,819.03,29.9182,10182900000
2014/1/29,809.96,836.87,809.85,826,17.9844,9981850000
2014/1/28,774.02,832.5,766.98,812.51,44.8755,9535950000
2014/1/27,884.6,893,757.11,771.39,49.2336,10894400000
2014/1/26,853.68,897.02,844.86,885.28,32.2243,10510400000
2014/1/25,796.24,861.45,792.96,853.61,24.3039,9799920000
2014/1/24,822.43,822.43,783.58,797.07,34.912,10118400000
2014/1/23,845.46,851.57,819.32,822.04,15.6071,10398000000
2014/1/22,867.21,870.15,837.36,845.59,18.4537,10661400000
2014/1/21,869.65,881.2,855.93,863.91,18.9973,10687700000
2014/1/20,871.39,886.39,853.87,870.2,27.6527,10704800000
2014/1/19,839.66,870.96,825.53,870.96,24.3657,10311500000
2014/1/18,816.07,841.49,816.07,840,18.0527,10018200000
2014/1/17,834.49,842.91,797.63,814.64,39.0317,10241200000
2014/1/16,860.29,866.16,835.63,835.63,19.1493,10553800000
2014/1/15,833.12,872.81,830.86,860.9,28.1072,10216700000
2014/1/14,843.17,855.69,825.66,833.27,20.8298,10336500000
2014/1/13,860.19,861.29,806.05,841.2,45.5809,10541500000
2014/1/12,919.6,928.52,851.17,863.22,39.6235,11264800000
2014/1/11,867.32,921.48,861.72,913.95,44.7542,10619900000
2014/1/10,846.69,871.19,822.6,868.48,31.8768,10363300000
2014/1/9,841.47,864.36,804.14,846.86,59.9986,10295100000
2014/1/8,795.99,870.68,776.18,842.72,74.1756,9734800000
2014/1/7,946.49,965.74,802,802,81.3117,11571400000
2014/1/6,936.05,1017.12,905.71,953.29,85.5657,11410400000
2014/1/5,858.55,952.4,854.52,933.53,72.8985,10465700000
2014/1/4,823.27,859.51,801.67,859.51,38.005,10035600000
2014/1/3,802.85,834.15,789.12,818.72,37.8101,9786680000
2014/1/2,773.44,820.31,767.21,802.39,38.4895,9428180000
2014/1/1,754.97,775.35,754.97,771.4,22.4894,9203030000
2013/12/31,760.32,760.58,738.17,754.01,20.8973,9268240000
2013/12/30,741.35,766.6,740.24,756.13,20.7077,9037000000
2013/12/29,728.05,748.61,714.44,745.05,19.0113,8872600000
2013/12/28,737.98,747.06,705.35,727.83,32.5058,8990850000
2013/12/27,763.28,777.51,713.6,735.07,46.8627,9295570000
